95.3928875095391,0.3125,90.0,270.0,0.0,1.0
81.86563486817117,0.375,90.0,270.0,0.1,1.0
271.0275033852721,0.4375,270.0,180.0,0.0,1.0
101.07678180022384,0.4375,90.0,270.0,0.2,1.0
267.6792132054231,0.5,270.0,270.0,0.0,1.0
106.1110431573949,0.5,90.0,270.0,0.30000000000000004,1.0
279.9605087034927,0.5625,270.0,0.0,0.0,1.0
73.3764080427488,0.5625,90.0,270.0,0.0,1.0
266.03335329605744,0.625,270.0,90.0,0.0,1.0
90.60663654527531,0.625,90.0,270.0,0.1,1.0
283.78001205197967,0.6875,270.0,180.0,0.0,1.0
86.41154031475682,0.6875,90.0,270.0,0.2,1.0
262.8600052067065,0.75,270.0,270.0,0.0,1.0
99.43486473730752,0.75,90.0,270.0,0.30000000000000004,1.0
263.67293692314826,0.8125,270.0,0.0,0.0,1.0
108.73775234277016,0.8125,90.0,270.0,0.0,1.0
278.8029232697328,0.875,270.0,90.0,0.0,1.0
91.8559178780861,0.875,90.0,270.0,0.1,1.0
263.4943936418459,0.875,270.0,90.0,0.1,1.0
108.98282409603945,0.875,90.0,270.0,0.2,1.0
281.81160305631215,0.875,270.0,90.0,0.2,1.0
82.58343266176021,0.875,90.0,270.0,0.30000000000000004,1.0
274.0424013451151,0.875,270.0,90.0,0.30000000000000004,1.0
94.2640064744614,0.875,90.0,270.0,0.0,1.0
265.807343539555,0.875,270.0,90.0,0.0,1.0
93.21097873597601,0.875,90.0,270.0,0.1,1.0
278.41748565713556,0.875,270.0,90.0,0.1,1.0
81.27439336975392,0.875,90.0,270.0,0.2,1.0
280.53367957359455,0.875,270.0,90.0,0.2,1.0
91.79322639588614,0.875,90.0,270.0,0.30000000000000004,1.0
289.8758379475415,0.875,270.0,90.0,0.30000000000000004,1.0
96.46945703365448,0.875,90.0,270.0,0.0,1.0
264.97689291004275,0.875,270.0,90.0,0.0,1.0
73.56881876945653,0.875,90.0,270.0,0.1,1.0
273.3578374125205,0.875,270.0,90.0,0.1,1.0
76.81324633637172,0.875,90.0,270.0,0.2,1.0
267.0754147747259,0.875,270.0,90.0,0.2,1.0
90.95253376126769,0.875,90.0,270.0,0.30000000000000004,1.0
267.6398844536468,0.875,270.0,90.0,0.30000000000000004,1.0
91.77770788382887,0.875,90.0,270.0,0.0,1.0
277.3675538387711,0.875,270.0,90.0,0.0,1.0
289.05011301872526,0.02172025984384196,90.0,270.0,0.1,0.0
86.0589212717215,0.875,90.0,270.0,0.1,1.0
265.93822403002986,0.875,270.0,90.0,0.1,1.0
296.4119395705083,0.04802836176701142,90.0,270.0,0.2,0.0
86.12749060739871,0.875,90.0,270.0,0.2,1.0
294.03032339023815,0.875,270.0,90.0,0.2,1.0
7.552800776742301,0.5580582617584078,8.130102354155985,180.0,0.0,1.0
201.0123374825765,0.5580582617584078,188.13010235415598,0.0,0.0,1.0
288.4521193723575,0.07087070329259337,90.0,270.0,0.30000000000000004,0.0
98.99047587695388,0.875,90.0,270.0,0.30000000000000004,1.0
271.06555709908383,0.875,270.0,90.0,0.30000000000000004,1.0
19.81941652819644,0.6198273418563613,9.462322208025622,270.0,0.0,1.0
191.24629283336304,0.5580582617584078,188.13010235415598,0.0,0.1,1.0
262.9510230383337,0.08998626383993524,90.0,270.0,0.0,0.0
88.98639925948277,0.875,90.0,270.0,0.0,1.0
269.07868417048593,0.875,270.0,90.0,0.0,1.0
19.598727685204302,0.681311280400451,11.30993247402022,0.0,0.0,1.0
169.54508140227463,0.6198273418563613,188.13010235415598,0.0,0.2,1.0
94.75394484822141,0.875,90.0,270.0,0.1,1.0
264.3132642490483,0.875,270.0,90.0,0.1,1.0
27.07850454765334,0.7423058983988962,14.036243467926484,90.0,0.0,1.0
190.13250171241032,0.681311280400451,188.13010235415598,0.0,0.30000000000000004,1.0
100.12437504330916,0.875,90.0,270.0,0.2,1.0
285.0024980234275,0.875,270.0,90.0,0.2,1.0
19.83311783484843,0.8023576462394763,18.43494882292202,180.0,0.0,1.0
192.825305953061,0.7423058983988962,198.434948822922,0.0,0.0,1.0
103.90915227988273,0.875,90.0,270.0,0.30000000000000004,1.0
275.62151722328315,0.875,270.0,90.0,0.30000000000000004,1.0
29.966762808912133,0.8602457514062631,26.565051177077994,270.0,0.0,1.0
199.72738245571864,0.8023576462394763,198.434948822922,0.0,0.1,1.0
92.40648249195984,0.875,90.0,270.0,0.0,1.0
254.44948282900526,0.875,270.0,90.0,0.0,1.0
31.396394262472604,0.599804735160447,38.6598082540901,90.0,0.0,1.0
232.35692603674,0.599804735160447,218.65980825409008,90.0,0.0,1.0
32.77414987005477,0.599804735160447,38.6598082540901,90.0,0.1,1.0
220.67370694424974,0.599804735160447,218.65980825409008,90.0,0.1,1.0
31.431153265256572,0.6355655065721687,30.963756532073518,90.0,0.2,1.0
189.97558920536787,0.6634271995540935,210.96375653207352,90.0,0.2,1.0
17.321567056404312,0.6355655065721687,21.801409486351826,270.0,0.0,1.0
204.2418353388708,0.6634271995540935,210.96375653207352,90.0,0.30000000000000004,1.0
24.80548579611584,0.7204915028125263,26.565051177077994,0.0,0.0,1.0
216.30911592586114,0.7204915028125263,210.96375653207352,90.0,0.4,1.0
23.455038202972645,0.7746530452835007,33.690067525979806,90.0,0.0,1.0
207.88376287748554,0.7746530452835007,225.0,0.0,0.0,1.0
29.041236679263584,0.8232233047033631,45.0,180.0,0.0,1.0
221.28751467085993,0.8232233047033631,243.43494882292202,0.0,0.0,1.0
48.819670722723906,0.8602457514062631,63.43494882292201,180.0,0.1,1.0
234.46033850723487,0.8602457514062631,243.43494882292202,0.0,0.1,1.0
68.46030301515214,0.875,90.0,180.0,0.2,1.0
267.9924852425527,0.875,243.43494882292202,0.0,0.2,1.0
96.44732873556842,0.875,90.0,90.0,0.0,1.0
269.55884139419857,0.875,243.43494882292202,0.0,0.30000000000000004,1.0
94.20526461381394,0.875,90.0,90.0,0.1,1.0
261.2621461511216,0.875,270.0,270.0,0.0,1.0
92.04336777716094,0.875,90.0,90.0,0.2,1.0
281.7270017293063,0.875,270.0,270.0,0.1,1.0
77.63682943568094,0.875,90.0,90.0,0.30000000000000004,1.0
263.52528703206264,0.875,270.0,270.0,0.2,1.0
87.19914979263847,0.875,90.0,90.0,0.0,1.0
266.99948257038324,0.875,270.0,270.0,0.30000000000000004,1.0
75.41125320321191,0.875,90.0,90.0,0.1,1.0
254.68790458018725,0.875,270.0,270.0,0.0,1.0
88.39096451786337,0.875,90.0,90.0,0.2,1.0
280.06536507026715,0.875,270.0,270.0,0.1,1.0
102.32861295587608,0.875,90.0,90.0,0.30000000000000004,1.0
275.8474372704481,0.875,270.0,270.0,0.2,1.0
95.69886161051875,0.875,90.0,90.0,0.0,1.0
280.50038816040006,0.875,270.0,270.0,0.30000000000000004,1.0
85.31767404761882,0.875,90.0,90.0,0.1,1.0
264.40674183534526,0.875,270.0,270.0,0.0,1.0
92.22167447222775,0.875,90.0,90.0,0.2,1.0
259.8844756984114,0.875,270.0,270.0,0.1,1.0
81.64915530051711,0.875,90.0,90.0,0.30000000000000004,1.0
299.7289734600934,0.875,270.0,270.0,0.2,1.0
80.44271819841143,0.875,90.0,90.0,0.0,1.0
276.36617585759734,0.875,270.0,270.0,0.30000000000000004,1.0
77.24934926686937,0.875,90.0,90.0,0.1,1.0
264.39355625721464,0.875,270.0,270.0,0.0,1.0
89.79660082081766,0.875,90.0,90.0,0.2,1.0
259.03887772962236,0.875,270.0,270.0,0.1,1.0
95.12035616441082,0.875,90.0,90.0,0.30000000000000004,1.0
271.7708934194531,0.875,270.0,270.0,0.2,1.0
102.49860409341373,0.875,90.0,90.0,0.0,1.0
273.5238119372154,0.875,270.0,270.0,0.30000000000000004,1.0
103.44811195821595,0.875,90.0,90.0,0.1,1.0
261.4841901257571,0.875,270.0,270.0,0.0,1.0
293.11708655583516,0.02172025984384196,90.0,90.0,0.2,0.0
81.00026900700641,0.875,90.0,90.0,0.2,1.0
262.9219144936555,0.875,270.0,270.0,0.1,1.0
292.42978773377064,0.04802836176701142,90.0,90.0,0.30000000000000004,0.0
89.6229422264329,0.875,90.0,90.0,0.30000000000000004,1.0
268.31938909304455,0.875,270.0,270.0,0.2,1.0
272.8517460103427,0.07087070329259337,90.0,90.0,0.0,0.0
87.3988510582855,0.875,90.0,90.0,0.0,1.0
280.49281593791636,0.875,270.0,270.0,0.30000000000000004,1.0
292.09597355205244,0.08998626383993524,90.0,90.0,0.1,0.0
86.3714284911664,0.875,90.0,90.0,0.1,1.0
276.51842019859447,0.875,270.0,270.0,0.0,1.0
98.32079723320328,0.875,90.0,90.0,0.2,1.0
265.0429566885491,0.875,270.0,270.0,0.1,1.0
94.9595383355109,0.875,90.0,90.0,0.30000000000000004,1.0
162.18668211268434,0.2269176951966887,90.0,90.0,0.30000000000000004,0.0
93.01827754070882,0.25,90.0,270.0,0.0,1.0
95.90579220665256,0.3125,90.0,270.0,0.1,1.0
284.03001142374677,0.4375,270.0,270.0,0.0,1.0
91.0898405046234,0.375,90.0,270.0,0.2,1.0
275.2470473821551,0.5,270.0,0.0,0.0,1.0
96.23879979820924,0.4375,90.0,270.0,0.30000000000000004,1.0
283.4474085277513,0.5625,270.0,90.0,0.0,1.0
100.27585287597077,0.5,90.0,270.0,0.0,1.0
275.5701163628998,0.625,270.0,180.0,0.0,1.0
93.99429631766823,0.5625,90.0,270.0,0.1,1.0
258.2036064128461,0.6875,270.0,270.0,0.0,1.0
101.19066024076133,0.625,90.0,270.0,0.2,1.0
228.16888821403404,0.7204915028125263,194.03624346792648,90.0,0.0,1.0
313.30798599796384,0.0625,270.0,0.0,0.0,0.0
263.6796162521568,0.75,270.0,0.0,0.0,1.0
103.08872337007406,0.6875,90.0,270.0,0.30000000000000004,1.0
166.3413588856523,0.7423058983988962,194.03624346792648,90.0,0.1,1.0
338.26913666954516,0.14990809320403475,270.0,90.0,0.0,0.0
270.87541988351563,0.8125,270.0,90.0,0.0,1.0
75.61976188388252,0.75,90.0,270.0,0.0,1.0
176.9636405214203,0.75,165.96375653207352,90.0,0.0,1.0
275.4070194635555,0.875,270.0,180.0,0.0,1.0
78.04597364508871,0.8125,90.0,270.0,0.1,1.0
173.23773368323407,0.7423058983988962,165.96375653207352,90.0,0.1,1.0
271.98998612703775,0.875,270.0,180.0,0.1,1.0
82.72330261399523,0.875,90.0,270.0,0.2,1.0
154.51554200793623,0.7204915028125263,143.13010235415598,90.0,0.0,1.0
269.0679685456227,0.875,270.0,180.0,0.2,1.0
99.38018710016314,0.875,90.0,270.0,0.30000000000000004,1.0
141.3924435206126,0.6875,135.0,90.0,0.0,1.0
272.2382744110516,0.875,270.0,180.0,0.30000000000000004,1.0
85.98470898717338,0.875,90.0,180.0,0.0,1.0
134.92756084111215,0.6464466094067263,135.0,180.0,0.0,1.0
278.43903636944924,0.875,270.0,180.0,0.0,1.0
86.06119667979348,0.875,90.0,180.0,0.1,1.0
314.26036313745476,0.6464466094067263,306.86989764584405,180.0,0.0,1.0
146.43460951729526,0.6875,126.86989764584402,180.0,0.1,1.0
247.04845330436675,0.875,270.0,180.0,0.1,1.0
80.15374781433785,0.875,90.0,180.0,0.2,1.0
321.25028936290647,0.7348349570550448,315.0,270.0,0.0,1.0
120.17591918376408,0.6875,126.86989764584402,180.0,0.2,1.0
272.5464900772654,0.875,270.0,180.0,0.2,1.0
87.8911245738235,0.875,90.0,180.0,0.30000000000000004,1.0
329.5984026621622,0.7746530452835007,315.0,270.0,0.0,1.0
137.9901393888929,0.6875,120.96375653207352,180.0,0.30000000000000004,1.0
345.1817708545134,0.4103761792464623,270.0,180.0,0.30000000000000004,0.0
269.2529008694245,0.875,270.0,180.0,0.30000000000000004,1.0
67.73694128335691,0.875,90.0,180.0,0.0,1.0
325.1682667424995,0.7746530452835007,326.30993247402023,270.0,0.1,1.0
139.0952283092968,0.7348349570550448,120.96375653207352,180.0,0.4,1.0
308.02113280202366,0.44098300562505255,270.0,180.0,0.0,0.0
275.8063240276226,0.875,270.0,180.0,0.0,1.0
346.0799450452238,0.4846117967977924,90.0,180.0,0.1,0.0
86.36939336721528,0.875,90.0,180.0,0.1,1.0
337.4614456279439,0.8023576462394763,341.565051177078,270.0,0.2,1.0
152.4403411859738,0.7204915028125263,128.65980825409008,180.0,0.5,1.0
324.4775437177731,0.44098300562505255,330.2551187030578,180.0,0.0,1.0
324.4775437177731,0.44098300562505255,270.0,180.0,0.1,0.0
283.01139752513535,0.875,330.2551187030578,180.0,0.0,0.0
283.01139752513535,0.875,270.0,180.0,0.1,1.0
339.0089259856162,0.4846117967977924,90.0,180.0,0.2,0.0
76.01683362886855,0.875,90.0,180.0,0.2,1.0
2.2367164702542937,0.75,0.0,270.0,0.30000000000000004,1.0
159.10013894926698,0.7423058983988962,128.65980825409008,180.0,0.6,1.0
333.5984364255812,0.4961088907313407,330.2551187030578,180.0,0.1,1.0
333.5984364255812,0.4961088907313407,270.0,180.0,0.2,0.0
266.642733089721,0.875,330.2551187030578,180.0,0.1,0.0
266.642733089721,0.875,270.0,180.0,0.2,1.0
0.6035215335419934,0.5449931319199677,344.05460409907715,270.0,0.0,1.0
0.6035215335419934,0.5449931319199677,90.0,180.0,0.30000000000000004,0.0
89.08070052249249,0.875,344.05460409907715,270.0,0.0,0.0
89.08070052249249,0.875,90.0,180.0,0.30000000000000004,1.0
17.242792741556546,0.75,345.96375653207355,270.0,0.0,1.0
147.2873805124596,0.7423058983988962,123.69006752597974,180.0,0.7,1.0
344.39734494783465,0.4961088907313407,330.2551187030578,180.0,0.2,1.0
344.39734494783465,0.4961088907313407,270.0,180.0,0.30000000000000004,0.0
270.4995349273855,0.875,330.2551187030578,180.0,0.2,0.0
270.4995349273855,0.875,270.0,180.0,0.30000000000000004,1.0
337.61425874283793,0.5449931319199677,344.05460409907715,270.0,0.1,1.0
337.61425874283793,0.5449931319199677,90.0,180.0,0.0,0.0
78.68309167629315,0.875,344.05460409907715,270.0,0.1,0.0
78.68309167629315,0.875,90.0,180.0,0.0,1.0
4.157262090969425,0.8023576462394763,341.565051177078,0.0,0.0,1.0
165.59947969459589,0.7423058983988962,123.69006752597974,180.0,0.7999999999999999,1.0
330.8110107491021,0.4961088907313407,330.2551187030578,180.0,0.30000000000000004,1.0
330.8110107491021,0.4961088907313407,270.0,180.0,0.0,0.0
246.78808812562664,0.875,330.2551187030578,180.0,0.30000000000000004,0.0
246.78808812562664,0.875,270.0,180.0,0.0,1.0
348.6272614146674,0.5449931319199677,344.05460409907715,270.0,0.2,1.0
348.6272614146674,0.5449931319199677,90.0,180.0,0.1,0.0
108.61232907097815,0.875,344.05460409907715,270.0,0.2,0.0
108.61232907097815,0.875,90.0,180.0,0.1,1.0
319.21785435532274,0.8602457514062631,333.434948822922,90.0,0.0,1.0
167.24047661555085,0.8023576462394763,123.69006752597974,180.0,0.8999999999999999,1.0
325.7509303547459,0.4961088907313407,330.2551187030578,180.0,0.0,1.0
325.7509303547459,0.4961088907313407,270.0,180.0,0.1,0.0
283.1240316408794,0.875,330.2551187030578,180.0,0.0,0.0
283.1240316408794,0.875,270.0,180.0,0.1,1.0
343.28161879769567,0.5449931319199677,344.05460409907715,270.0,0.30000000000000004,1.0
343.28161879769567,0.5449931319199677,90.0,180.0,0.2,0.0
96.4645697068788,0.875,344.05460409907715,270.0,0.30000000000000004,0.0
96.4645697068788,0.875,90.0,180.0,0.2,1.0
304.7699331296721,0.9116116523516815,315.0,90.0,0.1,1.0
316.951850952233,0.4961088907313407,330.2551187030578,180.0,0.1,1.0
316.951850952233,0.4961088907313407,270.0,180.0,0.2,0.0
274.6094816529962,0.875,330.2551187030578,180.0,0.1,0.0
274.6094816529962,0.875,270.0,180.0,0.2,1.0
293.1326568298873,0.02172025984384196,344.05460409907715,270.0,0.0,0.0
293.1326568298873,0.02172025984384196,90.0,180.0,0.30000000000000004,0.0
337.4284938620139,0.5449931319199677,344.05460409907715,270.0,0.0,1.0
337.4284938620139,0.5449931319199677,90.0,180.0,0.30000000000000004,0.0
90.97076531713046,0.875,344.05460409907715,270.0,0.0,0.0
90.97076531713046,0.875,90.0,180.0,0.30000000000000004,1.0
327.15519537115824,0.4961088907313407,330.2551187030578,180.0,0.2,1.0
327.15519537115824,0.4961088907313407,270.0,180.0,0.30000000000000004,0.0
256.4921302325906,0.875,330.2551187030578,180.0,0.2,0.0
256.4921302325906,0.875,270.0,180.0,0.30000000000000004,1.0
293.53757170563495,0.04802836176701142,344.05460409907715,270.0,0.1,0.0
293.53757170563495,0.04802836176701142,90.0,180.0,0.0,0.0
340.9982202376417,0.5449931319199677,344.05460409907715,270.0,0.1,1.0
340.9982202376417,0.5449931319199677,90.0,180.0,0.0,0.0
86.4187457866292,0.875,344.05460409907715,270.0,0.1,0.0
86.4187457866292,0.875,90.0,180.0,0.0,1.0
352.23610781000804,0.4961088907313407,330.2551187030578,180.0,0.30000000000000004,1.0
352.23610781000804,0.4961088907313407,270.0,180.0,0.0,0.0
272.6654831476518,0.875,330.2551187030578,180.0,0.30000000000000004,0.0
272.6654831476518,0.875,270.0,180.0,0.0,1.0
275.8236364543264,0.07087070329259337,344.05460409907715,270.0,0.2,0.0
275.8236364543264,0.07087070329259337,90.0,180.0,0.1,0.0
356.3586940581744,0.5449931319199677,344.05460409907715,270.0,0.2,1.0
356.3586940581744,0.5449931319199677,90.0,180.0,0.1,0.0
102.67430272288405,0.875,344.05460409907715,270.0,0.2,0.0
102.67430272288405,0.875,90.0,180.0,0.1,1.0
337.76003858360656,0.4961088907313407,330.2551187030578,180.0,0.0,1.0
337.76003858360656,0.4961088907313407,270.0,180.0,0.1,0.0
257.3038271383932,0.875,330.2551187030578,180.0,0.0,0.0
257.3038271383932,0.875,270.0,180.0,0.1,1.0
294.95858677880994,0.08998626383993524,344.05460409907715,270.0,0.30000000000000004,0.0
294.95858677880994,0.08998626383993524,90.0,180.0,0.2,0.0
330.1175996202241,0.5449931319199677,344.05460409907715,270.0,0.30000000000000004,1.0
330.1175996202241,0.5449931319199677,90.0,180.0,0.2,0.0
98.10880464194227,0.875,344.05460409907715,270.0,0.30000000000000004,0.0
98.10880464194227,0.875,90.0,180.0,0.2,1.0
327.55452475840616,0.4961088907313407,330.2551187030578,180.0,0.1,1.0
327.55452475840616,0.4961088907313407,270.0,180.0,0.2,0.0
275.054803039761,0.875,330.2551187030578,180.0,0.1,0.0
275.054803039761,0.875,270.0,180.0,0.2,1.0
346.47970966300585,0.5449931319199677,344.05460409907715,270.0,0.0,1.0
346.47970966300585,0.5449931319199677,90.0,180.0,0.30000000000000004,0.0
77.13917832064715,0.875,344.05460409907715,270.0,0.0,0.0
77.13917832064715,0.875,90.0,180.0,0.30000000000000004,1.0
340.9512951968218,0.4961088907313407,330.2551187030578,180.0,0.2,1.0
340.9512951968218,0.4961088907313407,270.0,180.0,0.30000000000000004,0.0
287.33010648226156,0.875,330.2551187030578,180.0,0.2,0.0
287.33010648226156,0.875,270.0,180.0,0.30000000000000004,1.0
359.7718560671188,0.5449931319199677,344.05460409907715,270.0,0.1,1.0
359.7718560671188,0.5449931319199677,90.0,180.0,0.0,0.0
86.62394262002192,0.875,344.05460409907715,270.0,0.1,0.0
86.62394262002192,0.875,90.0,180.0,0.0,1.0
273.5233086639639,0.4961088907313407,270.0,0.0,0.0,1.0
104.61608611371747,0.5,90.0,270.0,0.0,1.0
263.6961709089505,0.5625,270.0,90.0,0.0,1.0
81.67436854197021,0.5625,90.0,270.0,0.1,1.0
271.7736593300934,0.625,270.0,180.0,0.0,1.0
86.93706166034293,0.625,90.0,270.0,0.2,1.0
279.6806287371422,0.6875,270.0,270.0,0.0,1.0
85.68027197716374,0.6875,90.0,270.0,0.30000000000000004,1.0
258.6620614077674,0.75,270.0,0.0,0.0,1.0
109.80764179811561,0.75,90.0,270.0,0.0,1.0
268.0283337373132,0.8125,270.0,90.0,0.0,1.0
83.91070370663185,0.8125,90.0,270.0,0.1,1.0
253.98111386874962,0.875,270.0,180.0,0.0,1.0
93.2019608073914,0.875,90.0,270.0,0.2,1.0
262.2071962357642,0.875,270.0,180.0,0.1,1.0
84.50063737360115,0.875,90.0,270.0,0.30000000000000004,1.0
280.0943844587978,0.875,270.0,180.0,0.2,1.0
66.43555090249465,0.875,90.0,180.0,0.0,1.0
253.55378278475987,0.875,270.0,180.0,0.30000000000000004,1.0
100.15027494658968,0.875,90.0,180.0,0.1,1.0
266.4513356893492,0.875,270.0,180.0,0.0,1.0
104.05505583071306,0.875,90.0,180.0,0.2,1.0
270.3801865095275,0.875,270.0,180.0,0.1,1.0
72.79728906241424,0.875,90.0,180.0,0.30000000000000004,1.0
283.822754258396,0.875,270.0,180.0,0.2,1.0
108.76232860690538,0.875,90.0,180.0,0.0,1.0
269.4494477961846,0.875,270.0,180.0,0.30000000000000004,1.0
93.74568842082206,0.875,90.0,180.0,0.1,1.0
279.45299003873333,0.875,270.0,180.0,0.0,1.0
75.04114302170248,0.875,90.0,180.0,0.2,1.0
267.11276614020625,0.875,270.0,180.0,0.1,1.0
91.29605596521908,0.875,90.0,180.0,0.30000000000000004,1.0
269.1742155904903,0.875,270.0,180.0,0.2,1.0
113.69621776973798,0.875,90.0,180.0,0.0,1.0
270.1166669710633,0.875,270.0,180.0,0.30000000000000004,1.0
111.44677894871703,0.875,90.0,180.0,0.1,1.0
263.93848467731345,0.875,270.0,180.0,0.0,1.0
80.41167295536066,0.875,90.0,180.0,0.2,1.0
266.28624848442627,0.875,270.0,180.0,0.1,1.0
86.83133560959564,0.875,90.0,180.0,0.30000000000000004,1.0
280.8213276958755,0.875,95.19442890773485,0.0,0.0,0.0
280.8213276958755,0.875,270.0,180.0,0.2,1.0
84.36295264512617,0.18509969934966886,90.0,180.0,0.0,0.0
83.18454811677194,0.875,90.0,180.0,0.0,1.0
83.76442757542567,0.3096649364257962,95.19442890773485,0.0,0.1,1.0
83.76442757542567,0.3096649364257962,270.0,180.0,0.30000000000000004,0.0
281.9162006591244,0.875,95.19442890773485,0.0,0.1,0.0
281.9162006591244,0.875,270.0,180.0,0.30000000000000004,1.0
304.1802309468853,0.02172025984384196,90.0,180.0,0.1,0.0
89.30876030588949,0.875,90.0,180.0,0.1,1.0
253.70954823924478,0.875,95.19442890773485,0.0,0.2,0.0
253.70954823924478,0.875,270.0,180.0,0.0,1.0
295.52633932073064,0.04802836176701142,90.0,180.0,0.2,0.0
91.53333488530646,0.1875,90.0,180.0,0.2,0.0
90.63831456675783,0.875,90.0,180.0,0.2,1.0
92.07961557526237,0.3125,95.19442890773485,0.0,0.30000000000000004,1.0
92.07961557526237,0.3125,270.0,180.0,0.1,0.0
288.07687755693246,0.875,95.19442890773485,0.0,0.30000000000000004,0.0
288.07687755693246,0.875,270.0,180.0,0.1,1.0
265.69913796708283,0.4375,270.0,0.0,0.0,0.0
265.69913796708283,0.4375,270.0,90.0,0.0,1.0
269.3402398531175,0.07087070329259337,90.0,180.0,0.30000000000000004,0.0
100.94027930781748,0.25,90.0,180.0,0.30000000000000004,0.0
83.042326739289,0.875,90.0,180.0,0.30000000000000004,1.0
107.77919019148301,0.375,90.0,270.0,0.0,1.0
107.77919019148301,0.375,270.0,180.0,0.2,0.0
268.19139896134095,0.875,90.0,270.0,0.0,0.0
268.19139896134095,0.875,270.0,180.0,0.2,1.0
254.71826228017602,0.5,270.0,90.0,0.0,0.0
254.71826228017602,0.5,270.0,180.0,0.0,1.0
288.393698968269,0.08998626383993524,90.0,270.0,0.0,0.0
288.393698968269,0.08998626383993524,90.0,180.0,0.0,0.0
74.7900614260773,0.3125,90.0,270.0,0.0,1.0
74.7900614260773,0.3125,90.0,180.0,0.0,0.0
79.79305092155079,0.875,90.0,270.0,0.0,0.0
79.79305092155079,0.875,90.0,180.0,0.0,1.0
78.66417208138614,0.4375,90.0,270.0,0.1,1.0
78.66417208138614,0.4375,270.0,180.0,0.30000000000000004,0.0
256.99146907458885,0.875,90.0,270.0,0.1,0.0
256.99146907458885,0.875,270.0,180.0,0.30000000000000004,1.0
285.8841408837133,0.4375,270.0,180.0,0.0,1.0
285.8841408837133,0.4375,270.0,270.0,0.0,0.0
268.0103637826169,0.5625,270.0,180.0,0.0,0.0
268.0103637826169,0.5625,270.0,270.0,0.0,1.0
71.11378907510323,0.375,90.0,270.0,0.1,1.0
71.11378907510323,0.375,90.0,180.0,0.1,0.0
79.80271220420177,0.875,90.0,270.0,0.1,0.0
79.80271220420177,0.875,90.0,180.0,0.1,1.0
85.17920547820209,0.5,90.0,270.0,0.2,1.0
85.17920547820209,0.5,270.0,180.0,0.0,0.0
268.22368876565673,0.875,90.0,270.0,0.2,0.0
268.22368876565673,0.875,270.0,180.0,0.0,1.0
266.46437975614475,0.5,270.0,270.0,0.0,1.0
266.46437975614475,0.5,270.0,0.0,0.0,0.0
266.18481682086315,0.625,270.0,270.0,0.0,0.0
266.18481682086315,0.625,270.0,0.0,0.0,1.0
82.06952537038033,0.4375,90.0,270.0,0.2,1.0
82.06952537038033,0.4375,90.0,180.0,0.2,0.0
66.52031388209744,0.875,90.0,270.0,0.2,0.0
66.52031388209744,0.875,90.0,180.0,0.2,1.0
85.93648360284465,0.5625,90.0,270.0,0.30000000000000004,1.0
85.93648360284465,0.5625,270.0,180.0,0.1,0.0
273.23719941743076,0.875,90.0,270.0,0.30000000000000004,0.0
273.23719941743076,0.875,270.0,180.0,0.1,1.0
273.00083502224254,0.5625,270.0,0.0,0.0,1.0
273.00083502224254,0.5625,270.0,90.0,0.0,0.0
274.17938618628045,0.6875,270.0,0.0,0.0,0.0
274.17938618628045,0.6875,270.0,90.0,0.0,1.0
84.9647995660069,0.5,90.0,270.0,0.30000000000000004,1.0
84.9647995660069,0.5,90.0,180.0,0.30000000000000004,0.0
93.28054870260725,0.875,90.0,270.0,0.30000000000000004,0.0
93.28054870260725,0.875,90.0,180.0,0.30000000000000004,1.0
83.66900267412505,0.625,90.0,270.0,0.0,1.0
83.66900267412505,0.625,270.0,180.0,0.2,0.0
269.9642047621418,0.875,90.0,270.0,0.0,0.0
269.9642047621418,0.875,270.0,180.0,0.2,1.0
287.727846114952,0.625,270.0,90.0,0.0,1.0
287.727846114952,0.625,270.0,180.0,0.0,0.0
267.08112174126376,0.75,270.0,90.0,0.0,0.0
267.08112174126376,0.75,270.0,180.0,0.0,1.0
93.87772906398908,0.5625,90.0,270.0,0.0,1.0
93.87772906398908,0.5625,90.0,180.0,0.0,0.0
94.11132562255592,0.875,90.0,270.0,0.0,0.0
94.11132562255592,0.875,90.0,180.0,0.0,1.0
94.11028584410116,0.6875,90.0,270.0,0.1,1.0
94.11028584410116,0.6875,270.0,180.0,0.30000000000000004,0.0
277.89683598754357,0.875,90.0,270.0,0.1,0.0
277.89683598754357,0.875,270.0,180.0,0.30000000000000004,1.0
252.31406074087568,0.4375,270.0,90.0,0.0,1.0
73.96719778383036,0.375,90.0,270.0,0.0,1.0
263.9806546575239,0.5,270.0,180.0,0.0,1.0
98.90020839955523,0.4375,90.0,270.0,0.1,1.0
273.35627117175306,0.5625,270.0,270.0,0.0,1.0
102.87188406731728,0.5,90.0,270.0,0.2,1.0
276.55894688196804,0.625,270.0,0.0,0.0,1.0
103.80017991559662,0.5625,90.0,270.0,0.30000000000000004,1.0
262.8193208295428,0.6875,270.0,90.0,0.0,1.0
89.33027071930545,0.625,90.0,270.0,0.0,1.0
276.95936427266975,0.75,270.0,180.0,0.0,1.0
81.89907595729471,0.6875,90.0,270.0,0.1,1.0
249.8693170791084,0.8125,270.0,270.0,0.0,1.0
100.86048564477791,0.75,90.0,270.0,0.2,1.0
276.04867646500975,0.875,270.0,0.0,0.0,1.0
114.06722378934113,0.8125,90.0,270.0,0.30000000000000004,1.0
272.81894645125396,0.875,270.0,0.0,0.1,1.0
92.97208350066542,0.875,90.0,0.0,0.0,1.0
276.3059823928591,0.875,270.0,0.0,0.2,1.0
82.03421631299723,0.875,90.0,0.0,0.1,1.0
272.5874667101728,0.875,270.0,0.0,0.30000000000000004,1.0
88.82114634092261,0.875,90.0,0.0,0.2,1.0
266.56326575354524,0.875,270.0,0.0,0.0,1.0
112.36043114420876,0.875,90.0,0.0,0.30000000000000004,1.0
268.9359104488057,0.875,270.0,0.0,0.1,1.0
72.67762656920021,0.875,90.0,0.0,0.0,1.0
272.2009261141014,0.875,270.0,0.0,0.2,1.0
117.3179531710049,0.875,90.0,0.0,0.1,1.0
289.33959327515475,0.875,270.0,0.0,0.30000000000000004,1.0
87.5165869166765,0.875,90.0,0.0,0.2,1.0
267.1429630884521,0.875,270.0,0.0,0.0,1.0
89.50067308876463,0.875,90.0,0.0,0.30000000000000004,1.0
260.19983273625627,0.875,270.0,0.0,0.1,1.0
82.64094880253391,0.875,90.0,0.0,0.0,1.0
90.40856789776849,0.25,90.0,270.0,0.0,1.0
78.24807857508576,0.3125,90.0,270.0,0.1,1.0
101.15207123299574,0.375,90.0,270.0,0.2,1.0
271.1409889514372,0.4375,270.0,270.0,0.0,1.0
90.67580105612141,0.4375,90.0,270.0,0.30000000000000004,1.0
250.94412115392115,0.5,270.0,0.0,0.0,1.0
74.97529798121634,0.5,90.0,270.0,0.0,1.0
264.6833635949391,0.5625,270.0,90.0,0.0,1.0
95.77471210632898,0.5625,90.0,270.0,0.1,1.0
276.95468117495443,0.625,270.0,180.0,0.0,1.0
100.9131456919059,0.625,90.0,270.0,0.2,1.0
274.9219669677936,0.6875,270.0,270.0,0.0,1.0
93.4376956924182,0.6875,90.0,270.0,0.30000000000000004,1.0
280.8709479701894,0.75,270.0,0.0,0.0,1.0
307.79656695944874,0.0625,270.0,0.0,0.0,0.0
86.81085261601898,0.75,90.0,270.0,0.0,1.0
270.0590245914509,0.8125,270.0,90.0,0.0,1.0
336.84903394222243,0.14990809320403475,270.0,90.0,0.0,0.0
93.0902322635212,0.8125,90.0,270.0,0.1,1.0
260.0153616882887,0.875,270.0,180.0,0.0,1.0
92.65493763904968,0.875,90.0,270.0,0.2,1.0
281.8787680615144,0.875,270.0,180.0,0.1,1.0
112.61940916609525,0.875,90.0,270.0,0.30000000000000004,1.0
267.46828323349604,0.875,270.0,180.0,0.2,1.0
95.89337006511242,0.875,90.0,180.0,0.0,1.0
270.06604526008283,0.875,270.0,180.0,0.30000000000000004,1.0
81.81415836636326,0.875,90.0,180.0,0.1,1.0
261.5096719085585,0.875,270.0,180.0,0.0,1.0
93.40686249402172,0.875,90.0,180.0,0.2,1.0
272.84407887887147,0.875,270.0,180.0,0.1,1.0
84.50539240320882,0.875,90.0,180.0,0.30000000000000004,1.0
259.55920546838416,0.875,270.0,180.0,0.2,1.0
79.44316592423617,0.875,90.0,180.0,0.0,1.0
253.5826267721436,0.875,270.0,180.0,0.30000000000000004,1.0
322.22796351350695,0.4103761792464623,270.0,180.0,0.30000000000000004,0.0
88.54152705427269,0.875,90.0,180.0,0.1,1.0
351.1973117422794,0.4846117967977924,90.0,180.0,0.1,0.0
284.02929913827944,0.875,270.0,180.0,0.0,1.0
335.9337521789424,0.44098300562505255,270.0,180.0,0.0,0.0
82.66990633119379,0.875,90.0,180.0,0.2,1.0
342.5486181633637,0.4846117967977924,90.0,180.0,0.2,0.0
281.6574007331065,0.875,270.0,180.0,0.1,1.0
281.6574007331065,0.875,330.2551187030578,180.0,0.0,0.0
323.1824688156187,0.44098300562505255,270.0,180.0,0.1,0.0
323.1824688156187,0.44098300562505255,330.2551187030578,180.0,0.0,1.0
89.24436807565509,0.875,90.0,180.0,0.30000000000000004,1.0
89.24436807565509,0.875,344.05460409907715,270.0,0.0,0.0
328.0620538446209,0.5449931319199677,90.0,180.0,0.30000000000000004,0.0
328.0620538446209,0.5449931319199677,344.05460409907715,270.0,0.0,1.0
279.19231375738843,0.875,270.0,180.0,0.2,1.0
279.19231375738843,0.875,330.2551187030578,180.0,0.1,0.0
334.7828625647197,0.4961088907313407,270.0,180.0,0.2,0.0
334.7828625647197,0.4961088907313407,330.2551187030578,180.0,0.1,1.0
77.1617993982133,0.875,90.0,180.0,0.0,1.0
77.1617993982133,0.875,344.05460409907715,270.0,0.1,0.0
334.80306240028756,0.5449931319199677,90.0,180.0,0.0,0.0
334.80306240028756,0.5449931319199677,344.05460409907715,270.0,0.1,1.0
259.0819858321224,0.875,270.0,180.0,0.30000000000000004,1.0
259.0819858321224,0.875,330.2551187030578,180.0,0.2,0.0
334.957998618198,0.4961088907313407,270.0,180.0,0.30000000000000004,0.0
334.957998618198,0.4961088907313407,330.2551187030578,180.0,0.2,1.0
115.27218844444195,0.875,90.0,180.0,0.1,1.0
115.27218844444195,0.875,344.05460409907715,270.0,0.2,0.0
348.8115064191095,0.5449931319199677,90.0,180.0,0.1,0.0
348.8115064191095,0.5449931319199677,344.05460409907715,270.0,0.2,1.0
254.6493022746399,0.875,270.0,180.0,0.0,1.0
254.6493022746399,0.875,330.2551187030578,180.0,0.30000000000000004,0.0
327.45354900495,0.4961088907313407,270.0,180.0,0.0,0.0
327.45354900495,0.4961088907313407,330.2551187030578,180.0,0.30000000000000004,1.0
99.46008063983659,0.875,90.0,180.0,0.2,1.0
99.46008063983659,0.875,344.05460409907715,270.0,0.30000000000000004,0.0
335.2698128897582,0.5449931319199677,90.0,180.0,0.2,0.0
335.2698128897582,0.5449931319199677,344.05460409907715,270.0,0.30000000000000004,1.0
271.5297588868393,0.875,270.0,180.0,0.1,1.0
271.5297588868393,0.875,330.2551187030578,180.0,0.0,0.0
339.3654309246736,0.4961088907313407,270.0,180.0,0.1,0.0
339.3654309246736,0.4961088907313407,330.2551187030578,180.0,0.0,1.0
312.7145102237617,0.02172025984384196,90.0,180.0,0.30000000000000004,0.0
312.7145102237617,0.02172025984384196,344.05460409907715,270.0,0.0,0.0
86.97450057039347,0.875,90.0,180.0,0.30000000000000004,1.0
86.97450057039347,0.875,344.05460409907715,270.0,0.0,0.0
343.5331792988591,0.5449931319199677,90.0,180.0,0.30000000000000004,0.0
343.5331792988591,0.5449931319199677,344.05460409907715,270.0,0.0,1.0
266.0982973978527,0.875,270.0,180.0,0.2,1.0
266.0982973978527,0.875,95.19442890773485,0.0,0.0,0.0
266.0982973978527,0.875,330.2551187030578,180.0,0.1,0.0
336.3974057876871,0.4961088907313407,270.0,180.0,0.2,0.0
336.3974057876871,0.4961088907313407,95.19442890773485,0.0,0.0,0.0
336.3974057876871,0.4961088907313407,330.2551187030578,180.0,0.1,1.0
291.5461523761126,0.04802836176701142,90.0,180.0,0.0,0.0
291.5461523761126,0.04802836176701142,344.05460409907715,270.0,0.1,0.0
92.77713111231931,0.875,90.0,180.0,0.0,1.0
92.77713111231931,0.875,344.05460409907715,270.0,0.1,0.0
75.60656793336041,0.18509969934966886,90.0,180.0,0.0,0.0
75.60656793336041,0.18509969934966886,344.05460409907715,270.0,0.1,0.0
328.4450390315063,0.5449931319199677,90.0,180.0,0.0,0.0
328.4450390315063,0.5449931319199677,344.05460409907715,270.0,0.1,1.0
283.2193024912461,0.875,270.0,180.0,0.30000000000000004,1.0
283.2193024912461,0.875,95.19442890773485,0.0,0.1,0.0
283.2193024912461,0.875,330.2551187030578,180.0,0.2,0.0
88.87758608996188,0.3096649364257962,270.0,180.0,0.30000000000000004,0.0
88.87758608996188,0.3096649364257962,95.19442890773485,0.0,0.1,1.0
88.87758608996188,0.3096649364257962,330.2551187030578,180.0,0.2,0.0
310.45432092459276,0.4961088907313407,270.0,180.0,0.30000000000000004,0.0
310.45432092459276,0.4961088907313407,95.19442890773485,0.0,0.1,0.0
310.45432092459276,0.4961088907313407,330.2551187030578,180.0,0.2,1.0
292.9556109591524,0.07087070329259337,90.0,180.0,0.1,0.0
292.9556109591524,0.07087070329259337,344.05460409907715,270.0,0.2,0.0
87.75489608331037,0.875,90.0,180.0,0.1,1.0
87.75489608331037,0.875,344.05460409907715,270.0,0.2,0.0
337.834596946438,0.5449931319199677,90.0,180.0,0.1,0.0
337.834596946438,0.5449931319199677,344.05460409907715,270.0,0.2,1.0
262.6037823494409,0.875,270.0,180.0,0.0,1.0
262.6037823494409,0.875,95.19442890773485,0.0,0.2,0.0
262.6037823494409,0.875,330.2551187030578,180.0,0.30000000000000004,0.0
345.1722279411278,0.4961088907313407,270.0,180.0,0.0,0.0
345.1722279411278,0.4961088907313407,95.19442890773485,0.0,0.2,0.0
345.1722279411278,0.4961088907313407,330.2551187030578,180.0,0.30000000000000004,1.0
290.43155395220606,0.08998626383993524,90.0,180.0,0.2,0.0
290.43155395220606,0.08998626383993524,344.05460409907715,270.0,0.30000000000000004,0.0
106.34879129110591,0.875,90.0,180.0,0.2,1.0
106.34879129110591,0.875,344.05460409907715,270.0,0.30000000000000004,0.0
83.28105458522388,0.1875,90.0,180.0,0.2,0.0
83.28105458522388,0.1875,344.05460409907715,270.0,0.30000000000000004,0.0
347.9215556028066,0.5449931319199677,90.0,180.0,0.2,0.0
347.9215556028066,0.5449931319199677,344.05460409907715,270.0,0.30000000000000004,1.0
263.110541768377,0.875,270.0,180.0,0.1,1.0
263.110541768377,0.875,95.19442890773485,0.0,0.30000000000000004,0.0
263.110541768377,0.875,330.2551187030578,180.0,0.0,0.0
86.42612237763373,0.3125,270.0,180.0,0.1,0.0
86.42612237763373,0.3125,95.19442890773485,0.0,0.30000000000000004,1.0
86.42612237763373,0.3125,330.2551187030578,180.0,0.0,0.0
320.72095622067917,0.4961088907313407,270.0,180.0,0.1,0.0
320.72095622067917,0.4961088907313407,95.19442890773485,0.0,0.30000000000000004,0.0
320.72095622067917,0.4961088907313407,330.2551187030578,180.0,0.0,1.0
95.61433197010713,0.875,90.0,180.0,0.30000000000000004,1.0
95.61433197010713,0.875,344.05460409907715,270.0,0.0,0.0
89.49259575004059,0.25,90.0,180.0,0.30000000000000004,0.0
89.49259575004059,0.25,344.05460409907715,270.0,0.0,0.0
358.80075157718267,0.5449931319199677,90.0,180.0,0.30000000000000004,0.0
358.80075157718267,0.5449931319199677,344.05460409907715,270.0,0.0,1.0
280.0140063051309,0.875,270.0,180.0,0.2,1.0
280.0140063051309,0.875,90.0,270.0,0.0,0.0
280.0140063051309,0.875,330.2551187030578,180.0,0.1,0.0
83.04306720279335,0.375,270.0,180.0,0.2,0.0
83.04306720279335,0.375,90.0,270.0,0.0,1.0
83.04306720279335,0.375,330.2551187030578,180.0,0.1,0.0
326.43540181354956,0.4961088907313407,270.0,180.0,0.2,0.0
326.43540181354956,0.4961088907313407,90.0,270.0,0.0,0.0
326.43540181354956,0.4961088907313407,330.2551187030578,180.0,0.1,1.0
275.5612116212483,0.4375,270.0,0.0,0.0,0.0
275.5612116212483,0.4375,270.0,90.0,0.0,1.0
98.0958730324029,0.875,90.0,180.0,0.0,1.0
98.0958730324029,0.875,90.0,270.0,0.0,0.0
98.0958730324029,0.875,344.05460409907715,270.0,0.1,0.0
86.64775030470729,0.3125,90.0,180.0,0.0,0.0
86.64775030470729,0.3125,90.0,270.0,0.0,1.0
86.64775030470729,0.3125,344.05460409907715,270.0,0.1,0.0
332.93185645560516,0.5449931319199677,90.0,180.0,0.0,0.0
332.93185645560516,0.5449931319199677,90.0,270.0,0.0,0.0
332.93185645560516,0.5449931319199677,344.05460409907715,270.0,0.1,1.0
285.1553177968529,0.875,270.0,180.0,0.30000000000000004,1.0
285.1553177968529,0.875,90.0,270.0,0.1,0.0
285.1553177968529,0.875,330.2551187030578,180.0,0.2,0.0
99.60102718675412,0.4375,270.0,180.0,0.30000000000000004,0.0
99.60102718675412,0.4375,90.0,270.0,0.1,1.0
99.60102718675412,0.4375,330.2551187030578,180.0,0.2,0.0
335.28707391307205,0.4961088907313407,270.0,180.0,0.30000000000000004,0.0
335.28707391307205,0.4961088907313407,90.0,270.0,0.1,0.0
335.28707391307205,0.4961088907313407,330.2551187030578,180.0,0.2,1.0
283.3598184743145,0.5,270.0,90.0,0.0,0.0
283.3598184743145,0.5,270.0,180.0,0.0,1.0
82.45751047928395,0.1875,90.0,270.0,0.0,1.0
95.90225092459126,0.25,90.0,270.0,0.1,1.0
85.4075177148255,0.3125,90.0,270.0,0.2,1.0
95.90967161120238,0.375,90.0,270.0,0.30000000000000004,1.0
270.3604016747535,0.4375,270.0,0.0,0.0,1.0
98.87975538914816,0.4375,90.0,270.0,0.0,1.0
271.952896418661,0.5,270.0,90.0,0.0,1.0
100.5081294303651,0.5,90.0,270.0,0.1,1.0
264.707847355951,0.5625,270.0,180.0,0.0,1.0
80.3434450090378,0.5625,90.0,270.0,0.2,1.0
250.80757032500642,0.625,270.0,270.0,0.0,1.0
94.85472109627871,0.625,90.0,270.0,0.30000000000000004,1.0
284.110437243863,0.6875,270.0,0.0,0.0,1.0
90.10975879259831,0.6875,90.0,270.0,0.0,1.0
255.765927617156,0.75,270.0,90.0,0.0,1.0
75.81735506160138,0.75,90.0,270.0,0.1,1.0
282.10713482113977,0.8125,270.0,180.0,0.0,1.0
90.18421342929605,0.8125,90.0,270.0,0.2,1.0
289.2372509785006,0.875,270.0,270.0,0.0,1.0
81.43670479653288,0.875,90.0,270.0,0.30000000000000004,1.0
262.5625839559625,0.875,270.0,270.0,0.1,1.0
94.12027443770549,0.875,90.0,90.0,0.0,1.0
270.41707936293335,0.875,270.0,270.0,0.2,1.0
82.13937383081287,0.875,90.0,90.0,0.1,1.0
273.18200898127833,0.875,270.0,270.0,0.30000000000000004,1.0
91.82092231389741,0.875,90.0,90.0,0.2,1.0
281.1452541282197,0.875,270.0,270.0,0.0,1.0
68.5155874270995,0.875,90.0,90.0,0.30000000000000004,1.0
272.67174688838065,0.875,270.0,270.0,0.1,1.0
100.89032832361275,0.875,90.0,90.0,0.0,1.0
253.53267428111712,0.875,270.0,270.0,0.2,1.0
100.49388001335251,0.875,90.0,90.0,0.1,1.0
283.65843225412976,0.875,270.0,270.0,0.30000000000000004,1.0
84.81072197132556,0.875,90.0,90.0,0.2,1.0
269.41331434264214,0.875,270.0,270.0,0.0,1.0
113.96930880077186,0.875,90.0,90.0,0.30000000000000004,1.0
260.4697494284455,0.875,270.0,270.0,0.1,1.0
84.83424298545188,0.875,90.0,90.0,0.0,1.0
273.05960379523657,0.875,270.0,270.0,0.2,1.0
95.30251940262323,0.875,90.0,90.0,0.1,1.0
250.3729271849,0.875,270.0,270.0,0.30000000000000004,1.0
90.91033781075018,0.875,90.0,90.0,0.2,1.0
284.5023407452409,0.875,270.0,270.0,0.0,1.0
320.96700967810955,0.0459789048453908,270.0,270.0,0.0,0.0
85.34794667846991,0.875,90.0,90.0,0.30000000000000004,1.0
261.3928448548517,0.875,270.0,270.0,0.1,1.0
74.29238631039685,0.875,90.0,90.0,0.0,1.0
270.83287453774,0.875,270.0,270.0,0.2,1.0
83.4459421156385,0.875,90.0,90.0,0.1,1.0
254.17579047504063,0.875,270.0,270.0,0.30000000000000004,1.0
93.78689535465902,0.875,90.0,90.0,0.2,1.0
271.16700356002224,0.875,270.0,270.0,0.0,1.0
324.76487742392334,0.13172225065938725,270.0,270.0,0.0,0.0
78.39600268223231,0.875,90.0,90.0,0.30000000000000004,1.0
282.91339550358913,0.875,270.0,270.0,0.1,1.0
306.32049195604714,0.18509969934966886,270.0,270.0,0.1,0.0
88.39733623365034,0.875,90.0,90.0,0.0,1.0
260.57828394414787,0.875,270.0,270.0,0.2,1.0
233.08315550777203,0.6634271995540935,258.69006752597977,0.0,0.0,1.0
89.06041364166066,0.681311280400451,75.96375653207352,270.0,0.0,1.0
259.6134272264195,0.7423058983988962,255.96375653207352,90.0,0.0,1.0
60.747933977700185,0.7423058983988962,75.96375653207352,270.0,0.1,1.0
249.2586748364029,0.8023576462394763,251.56505117707798,180.0,0.0,1.0
83.51689999162122,0.7746530452835007,63.43494882292201,270.0,0.2,1.0
261.45249358722145,0.8602457514062631,225.0,180.0,0.0,1.0
37.54447268958497,0.8232233047033631,63.43494882292201,270.0,0.30000000000000004,1.0
232.60545375051646,0.8232233047033631,225.0,180.0,0.1,1.0
59.5282752459777,0.7746530452835007,68.19859051364818,270.0,0.4,1.0
222.77511697890128,0.8232233047033631,225.0,180.0,0.2,1.0
65.96943509258928,0.7746530452835007,68.19859051364818,270.0,0.5,1.0
237.554428141098,0.7746530452835007,225.0,180.0,0.30000000000000004,1.0
54.60611279294126,0.7746530452835007,56.30993247402022,270.0,0.0,1.0
246.59741058946477,0.7746530452835007,236.30993247402023,90.0,0.0,1.0
40.91022685980644,0.8232233047033631,45.0,0.0,0.0,1.0
231.02342039732852,0.7746530452835007,236.30993247402023,90.0,0.1,1.0
59.55289859357906,0.8232233047033631,45.0,90.0,0.0,1.0
224.7657539011111,0.8232233047033631,236.30993247402023,90.0,0.2,1.0
61.393373895082384,0.8602457514062631,63.43494882292201,90.0,0.1,1.0
222.76424525049342,0.8232233047033631,236.30993247402023,90.0,0.30000000000000004,1.0
83.5803212567511,0.875,90.0,90.0,0.2,1.0
244.35374934126588,0.8602457514062631,270.0,0.0,0.0,1.0
65.34775289356261,0.875,90.0,0.0,0.0,1.0
281.25192330516643,0.875,270.0,0.0,0.1,1.0
107.38859041530141,0.875,90.0,0.0,0.1,1.0
259.39244712463966,0.875,270.0,0.0,0.2,1.0
98.87612893189988,0.875,90.0,0.0,0.2,1.0
270.06130984946657,0.875,270.0,0.0,0.30000000000000004,1.0
93.63564452240539,0.875,90.0,0.0,0.30000000000000004,1.0
262.9735776989876,0.875,270.0,0.0,0.0,1.0
93.10545799271958,0.875,90.0,0.0,0.0,1.0
269.9510450925252,0.875,270.0,0.0,0.1,1.0
100.25970174015293,0.875,90.0,0.0,0.1,1.0
268.4382316964538,0.875,270.0,0.0,0.2,1.0
83.8404696516697,0.875,90.0,0.0,0.2,1.0
253.66855838160615,0.875,270.0,0.0,0.30000000000000004,1.0
91.70169551125781,0.875,90.0,0.0,0.30000000000000004,1.0
290.2803640050331,0.875,270.0,0.0,0.0,1.0
71.99022425491819,0.875,90.0,0.0,0.0,1.0
269.5853285944749,0.875,270.0,0.0,0.1,1.0
283.47986657403624,0.02172025984384196,90.0,0.0,0.1,0.0
78.31517425544017,0.875,90.0,0.0,0.1,1.0
259.9031871898015,0.875,270.0,0.0,0.2,1.0
302.3314670472465,0.04802836176701142,90.0,0.0,0.2,0.0
94.14987409010647,0.875,90.0,0.0,0.2,1.0
270.03960756162456,0.875,270.0,0.0,0.30000000000000004,1.0
279.68741231887566,0.07087070329259337,90.0,0.0,0.30000000000000004,0.0
86.2822647945662,0.875,90.0,0.0,0.30000000000000004,1.0
265.7937174004665,0.875,270.0,0.0,0.0,1.0
295.7556571965055,0.08998626383993524,90.0,0.0,0.0,0.0
108.12603119787923,0.875,90.0,0.0,0.0,1.0
272.44705944432053,0.875,270.0,0.0,0.1,1.0
94.1784445363481,0.875,90.0,0.0,0.1,1.0
277.55924062799795,0.875,270.0,0.0,0.2,1.0
100.26127977102786,0.875,90.0,0.0,0.2,1.0
271.9742001177586,0.875,270.0,0.0,0.30000000000000004,1.0
85.03450119512226,0.875,90.0,0.0,0.30000000000000004,1.0
258.52095068102693,0.875,270.0,0.0,0.0,1.0
81.3257414503482,0.875,90.0,0.0,0.0,1.0
278.4124929325519,0.875,270.0,0.0,0.1,1.0
278.691799062777,0.10513618354522791,90.0,0.0,0.1,0.0
76.93755119865448,0.875,90.0,0.0,0.1,1.0
279.225798129581,0.875,270.0,0.0,0.2,1.0
277.6307655843253,0.11611652351681556,90.0,0.0,0.2,0.0
92.22922644582971,0.875,90.0,0.0,0.2,1.0
267.278856508321,0.875,270.0,0.0,0.30000000000000004,1.0
273.10386493054403,0.12277069702386256,90.0,0.0,0.30000000000000004,0.0
106.4432987465691,0.875,90.0,0.0,0.30000000000000004,1.0
158.60617347148312,0.2269176951966887,90.0,0.0,0.30000000000000004,0.0
275.88035740096245,0.875,270.0,0.0,0.0,1.0
270.5104626879061,0.125,90.0,0.0,0.0,0.0
89.44502824976396,0.875,90.0,0.0,0.0,1.0
267.613937144567,0.0,270.0,0.0,0.1,0.0
265.45374755752164,0.875,270.0,0.0,0.1,1.0
218.52106336278547,0.6875,243.43494882292202,0.0,0.0,1.0
223.7941644591184,0.7746530452835007,236.30993247402023,90.0,0.0,1.0
69.7853568429165,0.7204915028125263,56.30993247402022,270.0,0.0,1.0
224.11846995528097,0.8232233047033631,225.0,180.0,0.0,1.0
64.5904528972072,0.7746530452835007,56.30993247402022,270.0,0.1,1.0
241.1455740090055,0.8232233047033631,225.0,180.0,0.1,1.0
43.960767677210974,0.7746530452835007,45.0,270.0,0.2,1.0
230.1882766624181,0.7746530452835007,225.0,180.0,0.2,1.0
21.030648255851652,0.7746530452835007,45.0,270.0,0.30000000000000004,1.0
219.43889043527844,0.7746530452835007,225.0,270.0,0.0,1.0
41.13434249964808,0.7348349570550448,53.13010235415599,270.0,0.4,1.0
237.36200879067337,0.7348349570550448,225.0,0.0,0.0,1.0
55.24777764101343,0.7348349570550448,45.0,270.0,0.0,1.0
218.68974857759812,0.7348349570550448,225.0,0.0,0.1,1.0
46.81108752961832,0.7348349570550448,45.0,0.0,0.0,1.0
235.71745998380305,0.7348349570550448,225.0,0.0,0.2,1.0
28.47169770616919,0.7746530452835007,33.690067525979806,0.0,0.1,1.0
219.4766489226057,0.7746530452835007,213.69006752597977,0.0,0.0,1.0
26.928704130136172,0.7746530452835007,33.690067525979806,180.0,0.0,1.0
208.17934751056976,0.7746530452835007,225.0,0.0,0.0,1.0
33.942656607580965,0.8232233047033631,45.0,270.0,0.0,1.0
333.7398327051003,0.0459789048453908,225.0,0.0,0.1,0.0
216.12513715707067,0.8232233047033631,225.0,0.0,0.1,1.0
41.02039680073955,0.8602457514062631,63.43494882292201,270.0,0.1,1.0
238.10397216832916,0.8602457514062631,225.0,0.0,0.2,1.0
91.02677242278646,0.875,90.0,270.0,0.2,1.0
280.88367742580056,0.875,225.0,0.0,0.30000000000000004,1.0
94.76599464426059,0.875,90.0,180.0,0.0,1.0
256.63111872114916,0.875,270.0,180.0,0.0,1.0
94.31219324423961,0.875,90.0,180.0,0.1,1.0
340.4161863599576,0.13172225065938725,270.0,180.0,0.1,0.0
287.6708956870159,0.875,270.0,180.0,0.1,1.0
103.90348611796087,0.875,90.0,180.0,0.2,1.0
332.077211440507,0.18509969934966886,270.0,180.0,0.2,0.0
275.3227607322093,0.875,270.0,180.0,0.2,1.0
88.73441684174779,0.875,90.0,180.0,0.30000000000000004,1.0
276.1358961038294,0.875,270.0,180.0,0.30000000000000004,1.0
86.92757862837263,0.875,90.0,180.0,0.0,1.0
271.58823761497854,0.875,270.0,180.0,0.0,1.0
75.23610778532759,0.875,90.0,180.0,0.1,1.0
263.3921150513347,0.875,270.0,180.0,0.1,1.0
90.80361779551558,0.875,90.0,180.0,0.2,1.0
267.66290572494233,0.875,270.0,180.0,0.2,1.0
106.01365691127852,0.875,90.0,180.0,0.30000000000000004,1.0
270.65692370383215,0.875,270.0,180.0,0.30000000000000004,1.0
74.29977158301398,0.875,90.0,180.0,0.0,1.0
269.0842434197544,0.875,270.0,180.0,0.0,1.0
90.36664079380908,0.875,90.0,180.0,0.1,1.0
266.82916378685655,0.875,327.9946167919165,90.0,0.0,0.0
266.82916378685655,0.875,270.0,180.0,0.1,1.0
87.89687347516399,0.875,90.0,180.0,0.2,1.0
326.45463094276687,0.4103761792464623,327.9946167919165,90.0,0.1,1.0
326.45463094276687,0.4103761792464623,270.0,180.0,0.2,0.0
281.7428078589758,0.875,327.9946167919165,90.0,0.1,0.0
281.7428078589758,0.875,270.0,180.0,0.2,1.0
95.15991806616204,0.875,90.0,180.0,0.30000000000000004,1.0
95.15991806616204,0.875,345.96375653207355,90.0,0.0,0.0
333.41690696293455,0.44098300562505255,327.9946167919165,90.0,0.2,1.0
333.41690696293455,0.44098300562505255,270.0,180.0,0.30000000000000004,0.0
267.6343073071745,0.875,327.9946167919165,90.0,0.2,0.0
267.6343073071745,0.875,270.0,180.0,0.30000000000000004,1.0
78.26599071907768,0.875,90.0,180.0,0.0,1.0
78.26599071907768,0.875,345.96375653207355,90.0,0.1,0.0
2.516409572679379,0.4846117967977924,90.0,180.0,0.0,0.0
2.516409572679379,0.4846117967977924,345.96375653207355,90.0,0.1,1.0
347.1620795802623,0.44098300562505255,327.9946167919165,90.0,0.30000000000000004,1.0
347.1620795802623,0.44098300562505255,270.0,180.0,0.0,0.0
264.5333356077325,0.875,327.9946167919165,90.0,0.30000000000000004,0.0
264.5333356077325,0.875,270.0,180.0,0.0,1.0
286.71636503281223,0.02172025984384196,90.0,180.0,0.1,0.0
286.71636503281223,0.02172025984384196,345.96375653207355,90.0,0.2,0.0
93.90976347739512,0.875,90.0,180.0,0.1,1.0
93.90976347739512,0.875,345.96375653207355,90.0,0.2,0.0
332.84120568340944,0.4846117967977924,90.0,180.0,0.1,0.0
332.84120568340944,0.4846117967977924,345.96375653207355,90.0,0.2,1.0
319.9075627286268,0.4961088907313407,330.2551187030578,270.0,0.0,1.0
319.9075627286268,0.4961088907313407,270.0,180.0,0.1,0.0
270.3585834594041,0.875,330.2551187030578,270.0,0.0,0.0
270.3585834594041,0.875,270.0,180.0,0.1,1.0
279.3261644870494,0.04802836176701142,90.0,180.0,0.2,0.0
279.3261644870494,0.04802836176701142,345.96375653207355,90.0,0.30000000000000004,0.0
72.79135025622097,0.875,90.0,180.0,0.2,1.0
72.79135025622097,0.875,345.96375653207355,90.0,0.30000000000000004,0.0
5.885891434047778,0.5449931319199677,90.0,180.0,0.2,0.0
5.885891434047778,0.5449931319199677,345.96375653207355,90.0,0.30000000000000004,1.0
338.9383768656889,0.4961088907313407,330.2551187030578,270.0,0.1,1.0
338.9383768656889,0.4961088907313407,270.0,180.0,0.2,0.0
276.889488850131,0.875,330.2551187030578,270.0,0.1,0.0
276.889488850131,0.875,270.0,180.0,0.2,1.0
289.59498822940725,0.07087070329259337,90.0,180.0,0.30000000000000004,0.0
289.59498822940725,0.07087070329259337,344.05460409907715,0.0,0.0,0.0
90.57215907153181,0.875,90.0,180.0,0.30000000000000004,1.0
90.57215907153181,0.875,344.05460409907715,0.0,0.0,0.0
343.9904601628256,0.5449931319199677,90.0,180.0,0.30000000000000004,0.0
343.9904601628256,0.5449931319199677,344.05460409907715,0.0,0.0,1.0
323.33073683044137,0.4961088907313407,330.2551187030578,270.0,0.2,1.0
323.33073683044137,0.4961088907313407,270.0,180.0,0.30000000000000004,0.0
268.6779637846185,0.875,330.2551187030578,270.0,0.2,0.0
268.6779637846185,0.875,270.0,180.0,0.30000000000000004,1.0
285.8744336453644,0.08998626383993524,90.0,180.0,0.0,0.0
285.8744336453644,0.08998626383993524,344.05460409907715,0.0,0.1,0.0
99.61481437738632,0.875,90.0,180.0,0.0,1.0
99.61481437738632,0.875,344.05460409907715,0.0,0.1,0.0
341.30436436993585,0.5449931319199677,90.0,180.0,0.0,0.0
341.30436436993585,0.5449931319199677,344.05460409907715,0.0,0.1,1.0
322.1619982269786,0.4961088907313407,330.2551187030578,270.0,0.30000000000000004,1.0
322.1619982269786,0.4961088907313407,270.0,180.0,0.0,0.0
268.47498153042216,0.875,330.2551187030578,270.0,0.30000000000000004,0.0
268.47498153042216,0.875,270.0,180.0,0.0,1.0
98.28247171720315,0.875,90.0,180.0,0.1,1.0
98.28247171720315,0.875,344.05460409907715,0.0,0.2,0.0
334.2175257337634,0.5449931319199677,90.0,180.0,0.1,0.0
334.2175257337634,0.5449931319199677,344.05460409907715,0.0,0.2,1.0
346.3227457331739,0.4961088907313407,330.2551187030578,270.0,0.0,1.0
346.3227457331739,0.4961088907313407,270.0,180.0,0.1,0.0
278.4948671571308,0.875,330.2551187030578,270.0,0.0,0.0
278.4948671571308,0.875,270.0,180.0,0.1,1.0
84.41265361490713,0.875,90.0,180.0,0.2,1.0
84.41265361490713,0.875,344.05460409907715,0.0,0.30000000000000004,0.0
322.97742238174067,0.5449931319199677,90.0,180.0,0.2,0.0
322.97742238174067,0.5449931319199677,344.05460409907715,0.0,0.30000000000000004,1.0
88.70563192168223,0.25,90.0,270.0,0.0,1.0
81.79795631774797,0.3125,90.0,270.0,0.1,1.0
94.63835092518366,0.375,90.0,270.0,0.2,1.0
265.0085710558331,0.4375,270.0,270.0,0.0,1.0
87.25852210388467,0.4375,90.0,270.0,0.30000000000000004,1.0
265.641641700845,0.5,270.0,0.0,0.0,1.0
84.67901511120401,0.5,90.0,270.0,0.0,1.0
261.7649823941663,0.5625,270.0,90.0,0.0,1.0
94.81500984103481,0.5625,90.0,270.0,0.1,1.0
268.92947238540114,0.625,270.0,180.0,0.0,1.0
100.81139876489141,0.625,90.0,270.0,0.2,1.0
274.1777993949251,0.6875,270.0,270.0,0.0,1.0
94.55888319482293,0.6875,90.0,270.0,0.30000000000000004,1.0
282.75204793240385,0.75,270.0,0.0,0.0,1.0
94.91190026534571,0.75,90.0,270.0,0.0,1.0
290.8795644451079,0.8125,270.0,90.0,0.0,1.0
83.40874946071357,0.8125,90.0,270.0,0.1,1.0
264.819821892525,0.875,270.0,180.0,0.0,1.0
108.34426036706091,0.875,90.0,270.0,0.2,1.0
263.35240932332374,0.875,270.0,180.0,0.1,1.0
96.23244241495738,0.875,90.0,270.0,0.30000000000000004,1.0
250.5033053145806,0.875,270.0,180.0,0.2,1.0
83.26673900934139,0.875,90.0,180.0,0.0,1.0
264.2893482889458,0.875,270.0,180.0,0.30000000000000004,1.0
97.61823154986969,0.875,90.0,180.0,0.1,1.0
280.0392183149135,0.875,270.0,180.0,0.0,1.0
79.44394648427365,0.875,90.0,180.0,0.2,1.0
263.6235125898819,0.875,270.0,180.0,0.1,1.0
91.20028575398322,0.875,90.0,180.0,0.30000000000000004,1.0
275.6443258858097,0.875,270.0,180.0,0.2,1.0
96.9686637429468,0.875,90.0,180.0,0.0,1.0
274.7065533121377,0.875,270.0,180.0,0.30000000000000004,1.0
98.90436235288345,0.875,90.0,180.0,0.1,1.0
266.704906355751,0.875,270.0,180.0,0.0,1.0
91.29430703684316,0.875,90.0,180.0,0.2,1.0
270.2743857236074,0.875,270.0,180.0,0.1,1.0
89.70131096615901,0.875,90.0,180.0,0.30000000000000004,1.0
271.52151568023766,0.875,270.0,180.0,0.2,1.0
86.24912768001411,0.875,90.0,180.0,0.0,1.0
271.38191236997255,0.875,270.0,180.0,0.30000000000000004,1.0
102.92738709310323,0.875,90.0,180.0,0.1,1.0
262.0706260386506,0.875,270.0,180.0,0.0,1.0
79.8000555849469,0.875,90.0,180.0,0.2,1.0
264.06526828600977,0.875,270.0,180.0,0.1,1.0
294.2604762198551,0.02172025984384196,90.0,180.0,0.30000000000000004,0.0
81.66998345416381,0.875,90.0,180.0,0.30000000000000004,1.0
267.32169788448357,0.875,270.0,180.0,0.2,1.0
296.9960719358215,0.04802836176701142,90.0,180.0,0.0,0.0
95.51832881736223,0.875,90.0,180.0,0.0,1.0
264.495382019998,0.875,270.0,180.0,0.30000000000000004,1.0
302.81930466487006,0.07087070329259337,90.0,180.0,0.1,0.0
83.23512146077209,0.875,90.0,180.0,0.1,1.0
278.4270111848929,0.875,270.0,180.0,0.0,1.0
301.3966821795522,0.08998626383993524,90.0,180.0,0.2,0.0
98.81924658861897,0.875,90.0,180.0,0.2,1.0
263.23725941850626,0.875,270.0,180.0,0.1,1.0
91.03227469381822,0.875,90.0,180.0,0.30000000000000004,1.0
270.0610008863377,0.875,270.0,180.0,0.2,1.0
93.64994573211509,0.875,90.0,180.0,0.0,1.0
284.8873747871583,0.875,270.0,180.0,0.30000000000000004,1.0
84.90642151968682,0.4375,90.0,270.0,0.0,1.0
264.6364965754499,0.5,270.0,90.0,0.0,1.0
80.79903498790034,0.5,90.0,270.0,0.1,1.0
272.0477201856224,0.5625,270.0,180.0,0.0,1.0
93.641272915847,0.5625,90.0,270.0,0.2,1.0
270.4500030221771,0.625,270.0,270.0,0.0,1.0
70.51226247478662,0.625,90.0,270.0,0.30000000000000004,1.0
268.41473320152244,0.6875,270.0,0.0,0.0,1.0
91.7185257857088,0.6875,90.0,270.0,0.0,1.0
255.3850903295478,0.75,270.0,90.0,0.0,1.0
95.55663149153831,0.75,90.0,270.0,0.1,1.0
276.95379012457266,0.8125,270.0,180.0,0.0,1.0
106.83841462353922,0.8125,90.0,270.0,0.2,1.0
252.7928509436885,0.875,270.0,270.0,0.0,1.0
84.96373253841249,0.875,90.0,270.0,0.30000000000000004,1.0
265.5148837303078,0.875,270.0,270.0,0.1,1.0
76.05259624893783,0.875,90.0,90.0,0.0,1.0
266.4639044326525,0.875,270.0,270.0,0.2,1.0
68.68365660637,0.875,90.0,90.0,0.1,1.0
286.0706115229549,0.875,270.0,270.0,0.30000000000000004,1.0
79.92107109550328,0.875,90.0,90.0,0.2,1.0
267.78545325861063,0.875,270.0,270.0,0.0,1.0
100.91138917439906,0.875,90.0,90.0,0.30000000000000004,1.0
277.31987058400125,0.875,270.0,270.0,0.1,1.0
82.53632440848935,0.875,90.0,90.0,0.0,1.0
267.90022266762554,0.875,270.0,270.0,0.2,1.0
88.30063226647687,0.875,90.0,90.0,0.1,1.0
271.03238878125654,0.875,270.0,270.0,0.30000000000000004,1.0
74.37272926788704,0.875,90.0,90.0,0.2,1.0
287.642245459656,0.875,270.0,270.0,0.0,1.0
94.2234628382488,0.875,90.0,90.0,0.30000000000000004,1.0
285.6258001765503,0.875,270.0,270.0,0.1,1.0
102.39954112042265,0.875,90.0,90.0,0.0,1.0
270.5050235703329,0.875,270.0,270.0,0.2,1.0
85.85786229330097,0.875,90.0,90.0,0.1,1.0
276.48352153479755,0.875,270.0,270.0,0.30000000000000004,1.0
89.39092058706261,0.875,90.0,90.0,0.2,1.0
279.2410517442927,0.875,270.0,270.0,0.0,1.0
81.6117460246603,0.875,90.0,90.0,0.30000000000000004,1.0
279.3021552809559,0.875,270.0,270.0,0.1,1.0
88.72056859066409,0.875,90.0,90.0,0.0,1.0
277.5494214989387,0.875,270.0,270.0,0.2,1.0
93.21382413725091,0.875,90.0,90.0,0.1,1.0
278.8660096831356,0.875,270.0,270.0,0.30000000000000004,1.0
318.96866235925694,0.02172025984384196,90.0,90.0,0.2,0.0
96.45348043107387,0.875,90.0,90.0,0.2,1.0
284.72404235413023,0.875,270.0,270.0,0.0,1.0
287.32437269726296,0.04802836176701142,90.0,90.0,0.30000000000000004,0.0
93.60850649540424,0.875,90.0,90.0,0.30000000000000004,1.0
264.93719535253723,0.875,270.0,270.0,0.1,1.0
283.04676184262,0.07087070329259337,90.0,90.0,0.0,0.0
83.9405737211685,0.875,90.0,90.0,0.0,1.0
264.31974500713613,0.875,270.0,270.0,0.2,1.0
289.3185511834457,0.08998626383993524,90.0,90.0,0.1,0.0
106.00205798535318,0.875,90.0,90.0,0.1,1.0
256.28210656284296,0.875,270.0,270.0,0.30000000000000004,1.0
106.90741110048336,0.875,90.0,90.0,0.2,1.0
84.87253174658636,0.18509969934966886,90.0,90.0,0.2,0.0
270.8645358701338,0.875,270.0,270.0,0.0,1.0
91.26444913477461,0.3096649364257962,270.0,270.0,0.0,0.0
90.62772254277489,0.875,90.0,90.0,0.30000000000000004,1.0
268.1146653882227,0.875,270.0,270.0,0.1,1.0
73.27996961432284,0.875,90.0,90.0,0.0,1.0
73.27996961432284,0.875,90.0,270.0,0.0,0.0
98.09441293906889,0.1875,90.0,90.0,0.0,0.0
98.09441293906889,0.1875,90.0,270.0,0.0,1.0
268.0550216171386,0.875,270.0,270.0,0.2,1.0
268.0550216171386,0.875,90.0,270.0,0.0,0.0
67.792450056807,0.3125,270.0,270.0,0.2,0.0
67.792450056807,0.3125,90.0,270.0,0.0,1.0
93.7532537322312,0.1875,90.0,270.0,0.0,1.0
83.70240736858148,0.25,90.0,270.0,0.1,1.0
76.7929716056875,0.3125,90.0,270.0,0.2,1.0
89.5078265488594,0.375,90.0,270.0,0.30000000000000004,1.0
271.2537572603649,0.4375,270.0,0.0,0.0,1.0
79.30063525606175,0.4375,90.0,270.0,0.0,1.0
269.8969590453239,0.5,270.0,90.0,0.0,1.0
106.20629788160758,0.5,90.0,270.0,0.1,1.0
275.06860285134877,0.5625,270.0,180.0,0.0,1.0
81.80091247739436,0.5625,90.0,270.0,0.2,1.0
279.32165903795135,0.625,270.0,270.0,0.0,1.0
66.79520121569342,0.625,90.0,270.0,0.30000000000000004,1.0
270.7821071392232,0.6875,270.0,0.0,0.0,1.0
95.74631369153137,0.6875,90.0,270.0,0.0,1.0
291.65824160751635,0.75,270.0,90.0,0.0,1.0
73.49854674464241,0.75,90.0,270.0,0.1,1.0
249.88867945908535,0.8125,270.0,180.0,0.0,1.0
78.51715348345277,0.8125,90.0,270.0,0.2,1.0
265.8118385035472,0.875,270.0,270.0,0.0,1.0
104.64848450703047,0.875,90.0,270.0,0.30000000000000004,1.0
263.92450466191724,0.875,270.0,270.0,0.1,1.0
88.44563942261551,0.875,90.0,90.0,0.0,1.0
277.8558254069914,0.875,270.0,270.0,0.2,1.0
83.23652753788693,0.875,90.0,90.0,0.1,1.0
256.52357192081774,0.875,270.0,270.0,0.30000000000000004,1.0
89.39718652210144,0.875,90.0,90.0,0.2,1.0
280.2060879861179,0.875,270.0,270.0,0.0,1.0
91.8514758534127,0.875,90.0,90.0,0.30000000000000004,1.0
263.0907063973806,0.875,270.0,270.0,0.1,1.0
97.40644357468985,0.875,90.0,90.0,0.0,1.0
262.0079543465442,0.875,270.0,270.0,0.2,1.0
72.91589592502505,0.875,90.0,90.0,0.1,1.0
266.94804175018703,0.875,270.0,270.0,0.30000000000000004,1.0
81.89987541820996,0.875,90.0,90.0,0.2,1.0
269.9325566251291,0.875,270.0,270.0,0.0,1.0
86.51942408839702,0.875,90.0,90.0,0.30000000000000004,1.0
272.64832134061277,0.875,270.0,270.0,0.1,1.0
82.39308873616912,0.875,90.0,90.0,0.0,1.0
261.2838289287257,0.875,270.0,270.0,0.2,1.0
89.80756041857082,0.875,90.0,90.0,0.1,1.0
255.95584231245886,0.875,270.0,270.0,0.30000000000000004,1.0
88.03663130709907,0.875,90.0,90.0,0.2,1.0
260.11641890339655,0.875,270.0,270.0,0.0,1.0
80.59517692350887,0.875,90.0,90.0,0.30000000000000004,1.0
268.7193995224541,0.875,270.0,270.0,0.1,1.0
18.22221902222329,0.6047152924789525,18.43494882292202,0.0,0.0,1.0
104.17606743245699,0.875,90.0,90.0,0.0,1.0
276.0094902369741,0.875,270.0,270.0,0.2,1.0
260.38339461088793,0.6634271995540935,258.69006752597977,0.0,0.0,1.0
249.74835040351377,0.7423058983988962,255.96375653207352,270.0,0.0,1.0
258.7655944299753,0.8023576462394763,255.96375653207352,270.0,0.0,1.0
247.46660088359226,0.8023576462394763,251.56505117707798,0.0,0.0,1.0
82.947536688596,0.8023576462394763,71.56505117707799,0.0,0.0,1.0
239.28774309580925,0.8023576462394763,251.56505117707798,0.0,0.1,1.0
72.85091191299757,0.8602457514062631,63.43494882292201,90.0,0.0,1.0
249.52345620073956,0.8023576462394763,251.56505117707798,0.0,0.2,1.0
325.65710778157,0.13172225065938725,251.56505117707798,0.0,0.2,0.0
53.31482033649755,0.8602457514062631,63.43494882292201,90.0,0.1,1.0
258.40906912860834,0.8602457514062631,251.56505117707798,0.0,0.30000000000000004,1.0
342.01064530520597,0.18509969934966886,251.56505117707798,0.0,0.30000000000000004,0.0
95.43790741614616,0.875,90.0,90.0,0.2,1.0
244.47185728608406,0.8602457514062631,270.0,0.0,0.0,1.0
97.34750831058203,0.875,90.0,0.0,0.0,1.0
289.9401471637443,0.875,270.0,0.0,0.1,1.0
90.08609372128909,0.875,90.0,0.0,0.1,1.0
258.1355330061735,0.875,270.0,0.0,0.2,1.0
95.28802336322597,0.875,90.0,0.0,0.2,1.0
263.2651235378815,0.875,270.0,0.0,0.30000000000000004,1.0
70.76396680639523,0.875,90.0,0.0,0.30000000000000004,1.0
266.292394690598,0.875,270.0,0.0,0.0,1.0
88.95042216550428,0.875,90.0,0.0,0.0,1.0
257.388865872619,0.875,270.0,0.0,0.1,1.0
93.22383843309547,0.875,90.0,0.0,0.1,1.0
271.5824273430178,0.875,270.0,0.0,0.2,1.0
92.1832518173651,0.875,90.0,0.0,0.2,1.0
285.5084272562903,0.875,270.0,0.0,0.30000000000000004,1.0
330.3389248236454,0.4103761792464623,270.0,0.0,0.30000000000000004,0.0
83.56991138199619,0.875,90.0,0.0,0.30000000000000004,1.0
83.56991138199619,0.875,345.96375653207355,180.0,0.0,0.0
345.0450267619167,0.4846117967977924,90.0,0.0,0.30000000000000004,0.0
345.0450267619167,0.4846117967977924,345.96375653207355,180.0,0.0,1.0
263.0944625626144,0.875,270.0,0.0,0.0,1.0
332.92659246059526,0.44098300562505255,270.0,0.0,0.0,0.0
85.31937680586621,0.875,90.0,0.0,0.0,1.0
85.31937680586621,0.875,345.96375653207355,180.0,0.1,0.0
345.2514192810522,0.4846117967977924,90.0,0.0,0.0,0.0
345.2514192810522,0.4846117967977924,345.96375653207355,180.0,0.1,1.0
253.79121799843062,0.875,270.0,0.0,0.1,1.0
253.79121799843062,0.875,330.2551187030578,180.0,0.0,0.0
340.2224614091242,0.44098300562505255,270.0,0.0,0.1,0.0
340.2224614091242,0.44098300562505255,330.2551187030578,180.0,0.0,1.0
97.79856282647498,0.875,90.0,0.0,0.1,1.0
97.79856282647498,0.875,345.96375653207355,180.0,0.2,0.0
347.3271010515186,0.5449931319199677,90.0,0.0,0.1,0.0
347.3271010515186,0.5449931319199677,345.96375653207355,180.0,0.2,1.0
278.3013833831217,0.875,270.0,0.0,0.2,1.0
278.3013833831217,0.875,330.2551187030578,180.0,0.1,0.0
339.3560233904769,0.4961088907313407,270.0,0.0,0.2,0.0
339.3560233904769,0.4961088907313407,330.2551187030578,180.0,0.1,1.0
88.90452321708031,0.875,90.0,0.0,0.2,1.0
88.90452321708031,0.875,345.96375653207355,180.0,0.30000000000000004,0.0
349.670778550971,0.5449931319199677,90.0,0.0,0.2,0.0
349.670778550971,0.5449931319199677,345.96375653207355,180.0,0.30000000000000004,1.0
265.9017733394571,0.875,270.0,0.0,0.30000000000000004,1.0
265.9017733394571,0.875,330.2551187030578,180.0,0.2,0.0
326.59902985484337,0.4961088907313407,270.0,0.0,0.30000000000000004,0.0
326.59902985484337,0.4961088907313407,330.2551187030578,180.0,0.2,1.0
84.72926573360911,0.875,90.0,0.0,0.30000000000000004,1.0
84.72926573360911,0.875,344.05460409907715,90.0,0.0,0.0
354.1304811474433,0.5449931319199677,90.0,0.0,0.30000000000000004,0.0
354.1304811474433,0.5449931319199677,344.05460409907715,90.0,0.0,1.0
263.8397730265407,0.875,270.0,0.0,0.0,1.0
263.8397730265407,0.875,330.2551187030578,180.0,0.30000000000000004,0.0
333.9051518998009,0.4961088907313407,270.0,0.0,0.0,0.0
333.9051518998009,0.4961088907313407,330.2551187030578,180.0,0.30000000000000004,1.0
108.70990775551664,0.875,90.0,0.0,0.0,1.0
108.70990775551664,0.875,344.05460409907715,90.0,0.1,0.0
351.6496906034109,0.5449931319199677,90.0,0.0,0.0,0.0
351.6496906034109,0.5449931319199677,344.05460409907715,90.0,0.1,1.0
277.71297340742285,0.875,270.0,0.0,0.1,1.0
277.71297340742285,0.875,330.2551187030578,180.0,0.0,0.0
327.7694673179843,0.4961088907313407,270.0,0.0,0.1,0.0
327.7694673179843,0.4961088907313407,330.2551187030578,180.0,0.0,1.0
294.6794838982516,0.02172025984384196,90.0,0.0,0.1,0.0
294.6794838982516,0.02172025984384196,344.05460409907715,90.0,0.2,0.0
84.27211304648715,0.875,90.0,0.0,0.1,1.0
84.27211304648715,0.875,344.05460409907715,90.0,0.2,0.0
341.65972862485535,0.5449931319199677,90.0,0.0,0.1,0.0
341.65972862485535,0.5449931319199677,344.05460409907715,90.0,0.2,1.0
292.5410239236494,0.875,270.0,0.0,0.2,1.0
292.5410239236494,0.875,330.2551187030578,180.0,0.1,0.0
336.29712731325833,0.4961088907313407,270.0,0.0,0.2,0.0
336.29712731325833,0.4961088907313407,330.2551187030578,180.0,0.1,1.0
292.59764292053893,0.04802836176701142,90.0,0.0,0.2,0.0
292.59764292053893,0.04802836176701142,344.05460409907715,90.0,0.30000000000000004,0.0
74.67167533468685,0.875,90.0,0.0,0.2,1.0
74.67167533468685,0.875,344.05460409907715,90.0,0.30000000000000004,0.0
358.1484369422305,0.5449931319199677,90.0,0.0,0.2,0.0
358.1484369422305,0.5449931319199677,344.05460409907715,90.0,0.30000000000000004,1.0
253.2747569312535,0.875,270.0,0.0,0.30000000000000004,1.0
253.2747569312535,0.875,330.2551187030578,180.0,0.2,0.0
340.2267162620261,0.4961088907313407,270.0,0.0,0.30000000000000004,0.0
340.2267162620261,0.4961088907313407,330.2551187030578,180.0,0.2,1.0
276.91006332768916,0.07087070329259337,90.0,0.0,0.30000000000000004,0.0
276.91006332768916,0.07087070329259337,344.05460409907715,90.0,0.0,0.0
101.14783368401791,0.875,90.0,0.0,0.30000000000000004,1.0
101.14783368401791,0.875,344.05460409907715,90.0,0.0,0.0
348.87750011392075,0.5449931319199677,90.0,0.0,0.30000000000000004,0.0
348.87750011392075,0.5449931319199677,344.05460409907715,90.0,0.0,1.0
251.9075975594964,0.875,270.0,0.0,0.0,1.0
251.9075975594964,0.875,330.2551187030578,180.0,0.30000000000000004,0.0
320.6831176332817,0.4961088907313407,270.0,0.0,0.0,0.0
320.6831176332817,0.4961088907313407,330.2551187030578,180.0,0.30000000000000004,1.0
295.399151415658,0.08998626383993524,90.0,0.0,0.0,0.0
295.399151415658,0.08998626383993524,344.05460409907715,90.0,0.1,0.0
99.43481168277253,0.875,90.0,0.0,0.0,1.0
99.43481168277253,0.875,344.05460409907715,90.0,0.1,0.0
344.994278264215,0.5449931319199677,90.0,0.0,0.0,0.0
344.994278264215,0.5449931319199677,344.05460409907715,90.0,0.1,1.0
251.00805182114954,0.875,270.0,0.0,0.1,1.0
251.00805182114954,0.875,330.2551187030578,180.0,0.0,0.0
334.4504752053353,0.4961088907313407,270.0,0.0,0.1,0.0
334.4504752053353,0.4961088907313407,330.2551187030578,180.0,0.0,1.0
103.7730781794582,0.875,90.0,0.0,0.1,1.0
103.7730781794582,0.875,344.05460409907715,90.0,0.2,0.0
335.69399264512657,0.5449931319199677,90.0,0.0,0.1,0.0
335.69399264512657,0.5449931319199677,344.05460409907715,90.0,0.2,1.0
273.18354714668686,0.875,270.0,0.0,0.2,1.0
273.18354714668686,0.875,330.2551187030578,180.0,0.1,0.0
346.98307633632345,0.4961088907313407,270.0,0.0,0.2,0.0
346.98307633632345,0.4961088907313407,330.2551187030578,180.0,0.1,1.0
87.60627724439507,0.875,90.0,0.0,0.2,1.0
87.60627724439507,0.875,344.05460409907715,90.0,0.30000000000000004,0.0
320.3854047158872,0.5449931319199677,90.0,0.0,0.2,0.0
320.3854047158872,0.5449931319199677,344.05460409907715,90.0,0.30000000000000004,1.0
270.37810596462094,0.875,270.0,0.0,0.30000000000000004,1.0
270.37810596462094,0.875,330.2551187030578,180.0,0.2,0.0
318.535337344903,0.4961088907313407,270.0,0.0,0.30000000000000004,0.0
318.535337344903,0.4961088907313407,330.2551187030578,180.0,0.2,1.0
87.13876831890556,0.875,90.0,0.0,0.30000000000000004,1.0
87.13876831890556,0.875,344.05460409907715,90.0,0.0,0.0
152.119777665606,0.2269176951966887,90.0,0.0,0.30000000000000004,0.0
152.119777665606,0.2269176951966887,344.05460409907715,90.0,0.0,0.0
340.9151973493286,0.5449931319199677,90.0,0.0,0.30000000000000004,0.0
340.9151973493286,0.5449931319199677,344.05460409907715,90.0,0.0,1.0
263.4930369426679,0.875,270.0,0.0,0.0,1.0
263.4930369426679,0.875,330.2551187030578,180.0,0.30000000000000004,0.0
334.7178481163053,0.4961088907313407,270.0,0.0,0.0,0.0
334.7178481163053,0.4961088907313407,330.2551187030578,180.0,0.30000000000000004,1.0
93.09704610466177,0.875,90.0,0.0,0.0,1.0
93.09704610466177,0.875,344.05460409907715,90.0,0.1,0.0
340.29828568358084,0.5449931319199677,90.0,0.0,0.0,0.0
340.29828568358084,0.5449931319199677,344.05460409907715,90.0,0.1,1.0
272.4426006131494,0.875,270.0,0.0,0.1,1.0
272.4426006131494,0.875,330.2551187030578,180.0,0.0,0.0
317.4668996627378,0.4961088907313407,270.0,0.0,0.1,0.0
317.4668996627378,0.4961088907313407,330.2551187030578,180.0,0.0,1.0
271.3883393358892,0.10513618354522791,90.0,0.0,0.1,0.0
271.3883393358892,0.10513618354522791,169.69515353123398,0.0,0.0,0.0
271.3883393358892,0.10513618354522791,344.05460409907715,90.0,0.2,0.0
94.96374288685931,0.875,90.0,0.0,0.1,1.0
94.96374288685931,0.875,169.69515353123398,0.0,0.0,0.0
94.96374288685931,0.875,344.05460409907715,90.0,0.2,0.0
168.16105841796005,0.23965468371272258,90.0,0.0,0.1,0.0
168.16105841796005,0.23965468371272258,169.69515353123398,0.0,0.0,1.0
168.16105841796005,0.23965468371272258,344.05460409907715,90.0,0.2,0.0
9.750800506539406,0.5449931319199677,90.0,0.0,0.1,0.0
9.750800506539406,0.5449931319199677,169.69515353123398,0.0,0.0,0.0
9.750800506539406,0.5449931319199677,344.05460409907715,90.0,0.2,1.0
263.81982468134044,0.875,270.0,0.0,0.2,1.0
263.81982468134044,0.875,330.2551187030578,180.0,0.1,0.0
167.83204046005915,0.25,270.0,0.0,0.2,0.0
167.83204046005915,0.25,330.2551187030578,180.0,0.1,0.0
321.05094940997935,0.4961088907313407,270.0,0.0,0.2,0.0
321.05094940997935,0.4961088907313407,330.2551187030578,180.0,0.1,1.0
278.31703095407,0.11611652351681556,90.0,0.0,0.2,0.0
278.31703095407,0.11611652351681556,169.69515353123398,0.0,0.1,0.0
278.31703095407,0.11611652351681556,344.05460409907715,90.0,0.30000000000000004,0.0
89.86738306591324,0.875,90.0,0.0,0.2,1.0
89.86738306591324,0.875,169.69515353123398,0.0,0.1,0.0
89.86738306591324,0.875,344.05460409907715,90.0,0.30000000000000004,0.0
345.0848441662337,0.5449931319199677,90.0,0.0,0.2,0.0
345.0848441662337,0.5449931319199677,169.69515353123398,0.0,0.1,0.0
345.0848441662337,0.5449931319199677,344.05460409907715,90.0,0.30000000000000004,1.0
260.688061511492,0.875,270.0,0.0,0.30000000000000004,1.0
260.688061511492,0.875,180.0,270.0,0.0,0.0
260.688061511492,0.875,330.2551187030578,180.0,0.2,0.0
327.0145084610419,0.4961088907313407,270.0,0.0,0.30000000000000004,0.0
327.0145084610419,0.4961088907313407,180.0,270.0,0.0,0.0
327.0145084610419,0.4961088907313407,330.2551187030578,180.0,0.2,1.0
273.09867414906563,0.12277069702386256,90.0,0.0,0.30000000000000004,0.0
273.09867414906563,0.12277069702386256,169.69515353123398,0.0,0.2,0.0
273.09867414906563,0.12277069702386256,344.05460409907715,90.0,0.0,0.0
74.18850001393677,0.875,90.0,0.0,0.30000000000000004,1.0
74.18850001393677,0.875,169.69515353123398,0.0,0.2,0.0
74.18850001393677,0.875,344.05460409907715,90.0,0.0,0.0
189.2275890299173,0.3012287570313157,90.0,0.0,0.30000000000000004,0.0
189.2275890299173,0.3012287570313157,169.69515353123398,0.0,0.2,1.0
189.2275890299173,0.3012287570313157,344.05460409907715,90.0,0.0,0.0
345.0794270808052,0.5449931319199677,90.0,0.0,0.30000000000000004,0.0
345.0794270808052,0.5449931319199677,169.69515353123398,0.0,0.2,0.0
345.0794270808052,0.5449931319199677,344.05460409907715,90.0,0.0,1.0
264.3710105635346,0.875,270.0,0.0,0.0,1.0
264.3710105635346,0.875,180.0,270.0,0.1,0.0
264.3710105635346,0.875,330.2551187030578,180.0,0.30000000000000004,0.0
171.62654036761307,0.3125,270.0,0.0,0.0,0.0
171.62654036761307,0.3125,180.0,270.0,0.1,1.0
171.62654036761307,0.3125,330.2551187030578,180.0,0.30000000000000004,0.0
332.88499743081087,0.4961088907313407,270.0,0.0,0.0,0.0
332.88499743081087,0.4961088907313407,180.0,270.0,0.1,0.0
332.88499743081087,0.4961088907313407,330.2551187030578,180.0,0.30000000000000004,1.0
270.97060427089593,0.125,90.0,0.0,0.0,0.0
270.97060427089593,0.125,169.69515353123398,0.0,0.30000000000000004,0.0
270.97060427089593,0.125,344.05460409907715,90.0,0.1,0.0
74.05338847958677,0.875,90.0,0.0,0.0,1.0
74.05338847958677,0.875,169.69515353123398,0.0,0.30000000000000004,0.0
74.05338847958677,0.875,344.05460409907715,90.0,0.1,0.0
318.07625345125405,0.5449931319199677,90.0,0.0,0.0,0.0
318.07625345125405,0.5449931319199677,169.69515353123398,0.0,0.30000000000000004,0.0
318.07625345125405,0.5449931319199677,344.05460409907715,90.0,0.1,1.0
262.60872045114223,0.0,270.0,0.0,0.1,0.0
262.60872045114223,0.0,180.0,270.0,0.2,0.0
262.60872045114223,0.0,330.2551187030578,180.0,0.0,0.0
260.22179972266497,0.875,270.0,0.0,0.1,1.0
260.22179972266497,0.875,180.0,270.0,0.2,0.0
260.22179972266497,0.875,330.2551187030578,180.0,0.0,0.0
330.8009033680567,0.4961088907313407,270.0,0.0,0.1,0.0
330.8009033680567,0.4961088907313407,180.0,270.0,0.2,0.0
330.8009033680567,0.4961088907313407,330.2551187030578,180.0,0.0,1.0
265.6580244466669,0.4961088907313407,270.0,0.0,0.0,1.0
261.0624725116568,0.5625,270.0,90.0,0.0,1.0
76.80345883161733,0.5,90.0,270.0,0.0,1.0
268.68833171703517,0.625,270.0,180.0,0.0,1.0
79.48231265258288,0.5625,90.0,270.0,0.1,1.0
276.67089029362216,0.6875,270.0,270.0,0.0,1.0
106.48395841721734,0.625,90.0,270.0,0.2,1.0
277.84409934328744,0.75,270.0,0.0,0.0,1.0
91.52309113943818,0.6875,90.0,270.0,0.30000000000000004,1.0
244.6942354647169,0.8125,270.0,90.0,0.0,1.0
80.67871414142085,0.75,90.0,270.0,0.0,1.0
258.13278288347567,0.875,270.0,180.0,0.0,1.0
106.60390783401928,0.8125,90.0,270.0,0.1,1.0
271.6255816356908,0.875,270.0,180.0,0.1,1.0
89.03824197782347,0.875,90.0,270.0,0.2,1.0
270.1312561780025,0.875,270.0,180.0,0.2,1.0
86.76274263847876,0.875,90.0,270.0,0.30000000000000004,1.0
278.6005813475877,0.875,270.0,180.0,0.30000000000000004,1.0
92.34915673110949,0.875,90.0,180.0,0.0,1.0
280.460885438607,0.875,270.0,180.0,0.0,1.0
76.64547021731155,0.875,90.0,180.0,0.1,1.0
276.4384733788479,0.875,270.0,180.0,0.1,1.0
87.93869089300989,0.875,90.0,180.0,0.2,1.0
280.88584446995475,0.875,270.0,180.0,0.2,1.0
90.82122464730854,0.875,90.0,180.0,0.30000000000000004,1.0
253.4209824400374,0.875,270.0,180.0,0.30000000000000004,1.0
82.76512673088055,0.875,90.0,180.0,0.0,1.0
275.5457487239274,0.875,270.0,180.0,0.0,1.0
95.23312535755836,0.875,90.0,180.0,0.1,1.0
267.84901588470774,0.875,270.0,180.0,0.1,1.0
95.94247908374842,0.875,90.0,180.0,0.2,1.0
283.3975635118067,0.875,270.0,180.0,0.2,1.0
88.72113761135275,0.875,90.0,180.0,0.30000000000000004,1.0
274.4807863734847,0.875,270.0,180.0,0.30000000000000004,1.0
83.27279004955153,0.875,90.0,180.0,0.0,1.0
266.5635851320453,0.875,270.0,180.0,0.0,1.0
95.96856511742422,0.875,90.0,180.0,0.1,1.0
251.91718536753172,0.875,270.0,180.0,0.1,1.0
91.19428589664427,0.875,90.0,180.0,0.2,1.0
266.36457913979194,0.875,270.0,180.0,0.2,1.0
99.26827383994788,0.875,90.0,180.0,0.30000000000000004,1.0
272.71035341916695,0.875,270.0,180.0,0.30000000000000004,1.0
94.077295440639,0.875,90.0,180.0,0.0,1.0
270.6009464525515,0.875,270.0,180.0,0.0,1.0
91.45052917830408,0.875,90.0,180.0,0.1,1.0
265.06607469924023,0.875,270.0,180.0,0.1,1.0
91.2747918495983,0.875,90.0,180.0,0.2,1.0
266.2813695460477,0.875,270.0,180.0,0.2,1.0
84.27676220354662,0.875,90.0,180.0,0.30000000000000004,1.0
264.9079803176946,0.875,270.0,180.0,0.30000000000000004,1.0
96.93418685949233,0.875,90.0,180.0,0.0,1.0
269.39677564456093,0.875,270.0,180.0,0.0,1.0
283.5954370476617,0.02172025984384196,90.0,180.0,0.1,0.0
98.92905701266307,0.875,90.0,180.0,0.1,1.0
272.3968664496325,0.875,270.0,180.0,0.1,1.0
284.9750642614554,0.04802836176701142,90.0,180.0,0.2,0.0
101.21691188628718,0.875,90.0,180.0,0.2,1.0
274.74676451061333,0.875,270.0,180.0,0.2,1.0
291.93281974793643,0.07087070329259337,90.0,180.0,0.30000000000000004,0.0
101.42178859464713,0.875,90.0,180.0,0.30000000000000004,1.0
259.33822638769203,0.875,270.0,180.0,0.30000000000000004,1.0
278.7075769807834,0.08998626383993524,90.0,180.0,0.0,0.0
99.52390567724666,0.875,90.0,180.0,0.0,1.0
260.7506977555986,0.6634271995540935,258.69006752597977,0.0,0.0,1.0
67.39569001507084,0.681311280400451,75.96375653207352,270.0,0.0,1.0
253.0527346900015,0.7423058983988962,255.96375653207352,90.0,0.0,1.0
87.1084462967197,0.7423058983988962,75.96375653207352,270.0,0.1,1.0
246.47797467196023,0.8023576462394763,251.56505117707798,180.0,0.0,1.0
45.711432930349474,0.7746530452835007,63.43494882292201,270.0,0.2,1.0
240.29806872837483,0.8602457514062631,225.0,180.0,0.0,1.0
41.87547673340829,0.8232233047033631,63.43494882292201,270.0,0.30000000000000004,1.0
248.2417481428475,0.8232233047033631,225.0,180.0,0.1,1.0
47.64962288104729,0.7746530452835007,68.19859051364818,270.0,0.4,1.0
218.5014068832261,0.8232233047033631,225.0,180.0,0.2,1.0
63.73813856750176,0.7746530452835007,68.19859051364818,270.0,0.5,1.0
242.17387659328227,0.7746530452835007,225.0,180.0,0.30000000000000004,1.0
49.232547480398296,0.7746530452835007,56.30993247402022,270.0,0.0,1.0
234.9638054562291,0.7746530452835007,236.30993247402023,90.0,0.0,1.0
30.36404316163607,0.8232233047033631,45.0,0.0,0.0,1.0
235.56008794815662,0.7746530452835007,236.30993247402023,90.0,0.1,1.0
54.325616669044386,0.8232233047033631,45.0,90.0,0.0,1.0
211.0812829657978,0.8232233047033631,236.30993247402023,90.0,0.2,1.0
341.20798029318473,0.13172225065938725,236.30993247402023,90.0,0.2,0.0
69.72937268864722,0.8602457514062631,63.43494882292201,90.0,0.1,1.0
202.20673849473087,0.8232233047033631,236.30993247402023,90.0,0.30000000000000004,1.0
307.037233252725,0.18509969934966886,236.30993247402023,90.0,0.30000000000000004,0.0
99.63129648655784,0.875,90.0,90.0,0.2,1.0
233.29134236581774,0.8602457514062631,270.0,0.0,0.0,1.0
101.60391155576217,0.875,90.0,0.0,0.0,1.0
256.3563546186074,0.875,270.0,0.0,0.1,1.0
103.90733113185162,0.875,90.0,0.0,0.1,1.0
275.2762139557159,0.875,270.0,0.0,0.2,1.0
74.91013080823316,0.875,90.0,0.0,0.2,1.0
264.4145954021113,0.875,270.0,0.0,0.30000000000000004,1.0
95.1319058660006,0.875,90.0,0.0,0.30000000000000004,1.0
245.47252386179784,0.875,270.0,0.0,0.0,1.0
104.37171379628074,0.875,90.0,0.0,0.0,1.0
258.8374489918509,0.875,270.0,0.0,0.1,1.0
84.85301640707912,0.875,90.0,0.0,0.1,1.0
248.05047915309217,0.875,270.0,0.0,0.2,1.0
82.40925885096674,0.875,90.0,0.0,0.2,1.0
277.44272524689137,0.875,270.0,0.0,0.30000000000000004,1.0
327.6919504280785,0.4103761792464623,270.0,0.0,0.30000000000000004,0.0
85.74010628441658,0.875,90.0,0.0,0.30000000000000004,1.0
85.74010628441658,0.875,345.96375653207355,180.0,0.0,0.0
350.8139731003218,0.4846117967977924,90.0,0.0,0.30000000000000004,0.0
350.8139731003218,0.4846117967977924,345.96375653207355,180.0,0.0,1.0
271.1674066971446,0.875,270.0,0.0,0.0,1.0
315.9366740506167,0.44098300562505255,270.0,0.0,0.0,0.0
71.27538075952779,0.875,90.0,0.0,0.0,1.0
71.27538075952779,0.875,345.96375653207355,180.0,0.1,0.0
351.1991894326257,0.4846117967977924,90.0,0.0,0.0,0.0
351.1991894326257,0.4846117967977924,345.96375653207355,180.0,0.1,1.0
267.9035668930383,0.875,270.0,0.0,0.1,1.0
267.9035668930383,0.875,330.2551187030578,180.0,0.0,0.0
330.2140454104342,0.44098300562505255,270.0,0.0,0.1,0.0
330.2140454104342,0.44098300562505255,330.2551187030578,180.0,0.0,1.0
87.7629322084866,0.875,90.0,0.0,0.1,1.0
87.7629322084866,0.875,345.96375653207355,180.0,0.2,0.0
345.04769758889483,0.5449931319199677,90.0,0.0,0.1,0.0
345.04769758889483,0.5449931319199677,345.96375653207355,180.0,0.2,1.0
274.95521825522485,0.875,270.0,0.0,0.2,1.0
274.95521825522485,0.875,330.2551187030578,180.0,0.1,0.0
333.5828377013016,0.4961088907313407,270.0,0.0,0.2,0.0
333.5828377013016,0.4961088907313407,330.2551187030578,180.0,0.1,1.0
99.3343402368868,0.875,90.0,0.0,0.2,1.0
99.3343402368868,0.875,345.96375653207355,180.0,0.30000000000000004,0.0
349.1270004976968,0.5449931319199677,90.0,0.0,0.2,0.0
349.1270004976968,0.5449931319199677,345.96375653207355,180.0,0.30000000000000004,1.0
276.61079141476796,0.875,270.0,0.0,0.30000000000000004,1.0
276.61079141476796,0.875,330.2551187030578,180.0,0.2,0.0
337.8083563190332,0.4961088907313407,270.0,0.0,0.30000000000000004,0.0
337.8083563190332,0.4961088907313407,330.2551187030578,180.0,0.2,1.0
85.03065277558832,0.875,90.0,0.0,0.30000000000000004,1.0
85.03065277558832,0.875,344.05460409907715,90.0,0.0,0.0
346.9703209503883,0.5449931319199677,90.0,0.0,0.30000000000000004,0.0
346.9703209503883,0.5449931319199677,344.05460409907715,90.0,0.0,1.0
268.6018922729379,0.875,270.0,0.0,0.0,1.0
268.6018922729379,0.875,330.2551187030578,180.0,0.30000000000000004,0.0
299.4540617025639,0.4961088907313407,270.0,0.0,0.0,0.0
299.4540617025639,0.4961088907313407,330.2551187030578,180.0,0.30000000000000004,1.0
283.8576376497368,0.02172025984384196,90.0,0.0,0.0,0.0
283.8576376497368,0.02172025984384196,344.05460409907715,90.0,0.1,0.0
83.60173851340569,0.875,90.0,0.0,0.0,1.0
83.60173851340569,0.875,344.05460409907715,90.0,0.1,0.0
314.0444123211767,0.5449931319199677,90.0,0.0,0.0,0.0
314.0444123211767,0.5449931319199677,344.05460409907715,90.0,0.1,1.0
276.6210734413218,0.875,270.0,0.0,0.1,1.0
276.6210734413218,0.875,330.2551187030578,180.0,0.0,0.0
341.08107212829134,0.4961088907313407,270.0,0.0,0.1,0.0
341.08107212829134,0.4961088907313407,330.2551187030578,180.0,0.0,1.0
279.78975315456637,0.04802836176701142,90.0,0.0,0.1,0.0
279.78975315456637,0.04802836176701142,344.05460409907715,90.0,0.2,0.0
79.11776196864625,0.875,90.0,0.0,0.1,1.0
79.11776196864625,0.875,344.05460409907715,90.0,0.2,0.0
354.93624687447107,0.5449931319199677,90.0,0.0,0.1,0.0
354.93624687447107,0.5449931319199677,344.05460409907715,90.0,0.2,1.0
286.10280808043547,0.875,270.0,0.0,0.2,1.0
286.10280808043547,0.875,330.2551187030578,180.0,0.1,0.0
342.76263801081564,0.4961088907313407,270.0,0.0,0.2,0.0
342.76263801081564,0.4961088907313407,330.2551187030578,180.0,0.1,1.0
289.50367348738223,0.07087070329259337,90.0,0.0,0.2,0.0
289.50367348738223,0.07087070329259337,344.05460409907715,90.0,0.30000000000000004,0.0
105.24018108879075,0.875,90.0,0.0,0.2,1.0
105.24018108879075,0.875,344.05460409907715,90.0,0.30000000000000004,0.0
343.1365270698075,0.5449931319199677,90.0,0.0,0.2,0.0
343.1365270698075,0.5449931319199677,344.05460409907715,90.0,0.30000000000000004,1.0
263.1029966470016,0.875,270.0,0.0,0.30000000000000004,1.0
263.1029966470016,0.875,330.2551187030578,180.0,0.2,0.0
336.4115314194056,0.4961088907313407,270.0,0.0,0.30000000000000004,0.0
336.4115314194056,0.4961088907313407,330.2551187030578,180.0,0.2,1.0
255.75413214485584,0.08998626383993524,90.0,0.0,0.30000000000000004,0.0
255.75413214485584,0.08998626383993524,344.05460409907715,90.0,0.0,0.0
94.7016158645119,0.875,90.0,0.0,0.30000000000000004,1.0
94.7016158645119,0.875,344.05460409907715,90.0,0.0,0.0
340.710359967472,0.5449931319199677,90.0,0.0,0.30000000000000004,0.0
340.710359967472,0.5449931319199677,344.05460409907715,90.0,0.0,1.0
258.9266922031744,0.875,270.0,0.0,0.0,1.0
258.9266922031744,0.875,330.2551187030578,180.0,0.30000000000000004,0.0
334.48809978458684,0.4961088907313407,270.0,0.0,0.0,0.0
334.48809978458684,0.4961088907313407,330.2551187030578,180.0,0.30000000000000004,1.0
75.63160927550611,0.875,90.0,0.0,0.0,1.0
75.63160927550611,0.875,344.05460409907715,90.0,0.1,0.0
356.8864397697362,0.5449931319199677,90.0,0.0,0.0,0.0
356.8864397697362,0.5449931319199677,344.05460409907715,90.0,0.1,1.0
276.5159121466655,0.875,270.0,0.0,0.1,1.0
276.5159121466655,0.875,330.2551187030578,180.0,0.0,0.0
325.1880670542924,0.4961088907313407,270.0,0.0,0.1,0.0
325.1880670542924,0.4961088907313407,330.2551187030578,180.0,0.0,1.0
71.8231077470125,0.875,90.0,0.0,0.1,1.0
71.8231077470125,0.875,344.05460409907715,90.0,0.2,0.0
333.0960692367718,0.5449931319199677,90.0,0.0,0.1,0.0
333.0960692367718,0.5449931319199677,344.05460409907715,90.0,0.2,1.0
254.01114974829454,0.875,270.0,0.0,0.2,1.0
254.01114974829454,0.875,330.2551187030578,180.0,0.1,0.0
344.7308313642581,0.4961088907313407,270.0,0.0,0.2,0.0
344.7308313642581,0.4961088907313407,330.2551187030578,180.0,0.1,1.0
80.15770206381457,0.875,90.0,0.0,0.2,1.0
80.15770206381457,0.875,344.05460409907715,90.0,0.30000000000000004,0.0
339.1127562192901,0.5449931319199677,90.0,0.0,0.2,0.0
339.1127562192901,0.5449931319199677,344.05460409907715,90.0,0.30000000000000004,1.0
255.87068532707045,0.875,270.0,0.0,0.30000000000000004,1.0
255.87068532707045,0.875,330.2551187030578,180.0,0.2,0.0
337.65877794569366,0.4961088907313407,270.0,0.0,0.30000000000000004,0.0
337.65877794569366,0.4961088907313407,330.2551187030578,180.0,0.2,1.0
71.89867929918076,0.875,90.0,0.0,0.30000000000000004,1.0
71.89867929918076,0.875,344.05460409907715,90.0,0.0,0.0
351.321904758843,0.5449931319199677,90.0,0.0,0.30000000000000004,0.0
351.321904758843,0.5449931319199677,344.05460409907715,90.0,0.0,1.0
267.0399874829555,0.875,270.0,0.0,0.0,1.0
267.0399874829555,0.875,330.2551187030578,180.0,0.30000000000000004,0.0
340.33222503089576,0.4961088907313407,270.0,0.0,0.0,0.0
340.33222503089576,0.4961088907313407,330.2551187030578,180.0,0.30000000000000004,1.0
294.8270581410279,0.10513618354522791,90.0,0.0,0.0,0.0
294.8270581410279,0.10513618354522791,344.05460409907715,90.0,0.1,0.0
169.29016791152577,0.2269176951966887,90.0,0.0,0.0,0.0
169.29016791152577,0.2269176951966887,344.05460409907715,90.0,0.1,0.0
83.18558891682555,0.875,90.0,0.0,0.0,1.0
83.18558891682555,0.875,344.05460409907715,90.0,0.1,0.0
346.2832160594166,0.5449931319199677,90.0,0.0,0.0,0.0
346.2832160594166,0.5449931319199677,344.05460409907715,90.0,0.1,1.0
267.5269596772479,0.875,270.0,0.0,0.1,1.0
267.5269596772479,0.875,330.2551187030578,180.0,0.0,0.0
321.9659821871754,0.4961088907313407,270.0,0.0,0.1,0.0
321.9659821871754,0.4961088907313407,330.2551187030578,180.0,0.0,1.0
87.96692152999519,0.375,90.0,270.0,0.0,1.0
259.3063711845255,0.4375,270.0,90.0,0.0,1.0
84.84926616350809,0.4375,90.0,270.0,0.1,1.0
252.87711465483406,0.5,270.0,180.0,0.0,1.0
88.46559339964921,0.5,90.0,270.0,0.2,1.0
260.6684297119431,0.5625,270.0,270.0,0.0,1.0
76.98934411949833,0.5625,90.0,270.0,0.30000000000000004,1.0
277.2730544653387,0.625,270.0,0.0,0.0,1.0
74.67991740253395,0.625,90.0,270.0,0.0,1.0
265.7014208843968,0.6875,270.0,90.0,0.0,1.0
99.36748421484867,0.6875,90.0,270.0,0.1,1.0
244.82166197723402,0.75,270.0,180.0,0.0,1.0
80.41761084771879,0.75,90.0,270.0,0.2,1.0
269.1950162356178,0.8125,270.0,270.0,0.0,1.0
73.44976192297446,0.8125,90.0,270.0,0.30000000000000004,1.0
267.343451846276,0.875,270.0,0.0,0.0,1.0
97.36905853097316,0.875,90.0,0.0,0.0,1.0
265.9768923842944,0.875,270.0,0.0,0.1,1.0
82.01962952634378,0.875,90.0,0.0,0.1,1.0
278.0857690329517,0.875,270.0,0.0,0.2,1.0
86.50784346108875,0.875,90.0,0.0,0.2,1.0
253.50716658925626,0.875,270.0,0.0,0.30000000000000004,1.0
112.92832645515222,0.875,90.0,0.0,0.30000000000000004,1.0
266.7118087061148,0.875,270.0,0.0,0.0,1.0
83.5662755105379,0.875,90.0,0.0,0.0,1.0
271.92466922547544,0.875,270.0,0.0,0.1,1.0
99.55399952274745,0.3125,90.0,270.0,0.0,1.0
263.4581766410749,0.4375,270.0,180.0,0.0,1.0
93.77093493113253,0.375,90.0,270.0,0.1,1.0
273.22902902006825,0.5,270.0,270.0,0.0,1.0
86.61865461676648,0.4375,90.0,270.0,0.2,1.0
273.9238066298243,0.5625,270.0,0.0,0.0,1.0
89.00565566253228,0.5,90.0,270.0,0.30000000000000004,1.0
254.81099614933598,0.625,270.0,90.0,0.0,1.0
90.45709643876667,0.5625,90.0,270.0,0.0,1.0
257.70786745623906,0.6875,270.0,180.0,0.0,1.0
82.37273556053479,0.625,90.0,270.0,0.1,1.0
266.41235143463103,0.75,270.0,270.0,0.0,1.0
88.60992507074975,0.6875,90.0,270.0,0.2,1.0
275.71892969809846,0.8125,270.0,0.0,0.0,1.0
91.46650002925034,0.75,90.0,270.0,0.30000000000000004,1.0
282.06311807258857,0.875,270.0,90.0,0.0,1.0
84.70816595529698,0.8125,90.0,270.0,0.0,1.0
283.89641126620205,0.875,270.0,90.0,0.1,1.0
76.65263154516478,0.875,90.0,270.0,0.1,1.0
310.6374454716716,0.13172225065938725,270.0,90.0,0.2,0.0
257.8933540459006,0.875,270.0,90.0,0.2,1.0
93.82968669810255,0.875,90.0,270.0,0.2,1.0
338.41578012377175,0.18509969934966886,270.0,90.0,0.30000000000000004,0.0
261.15377693878486,0.875,270.0,90.0,0.30000000000000004,1.0
92.92767968582184,0.875,90.0,270.0,0.30000000000000004,1.0
264.1415601316439,0.875,270.0,90.0,0.0,1.0
85.73557585209355,0.875,90.0,270.0,0.0,1.0
291.0571062959491,0.875,270.0,90.0,0.1,1.0
77.4184514629407,0.875,90.0,270.0,0.1,1.0
251.17119464872056,0.875,270.0,90.0,0.2,1.0
99.1877772533434,0.875,90.0,270.0,0.2,1.0
274.7019392429695,0.875,270.0,90.0,0.30000000000000004,1.0
66.30740840915679,0.875,90.0,270.0,0.30000000000000004,1.0
278.2059272821009,0.875,270.0,90.0,0.0,1.0
85.41819775818513,0.875,90.0,270.0,0.0,1.0
260.90638378415923,0.875,270.0,90.0,0.1,1.0
98.04316502125984,0.875,90.0,270.0,0.1,1.0
275.28984795445473,0.875,270.0,90.0,0.2,1.0
98.24811223418604,0.875,90.0,270.0,0.2,1.0
324.95022741571586,0.4103761792464623,270.0,90.0,0.30000000000000004,0.0
270.8008256715493,0.875,270.0,90.0,0.30000000000000004,1.0
94.31404785058083,0.875,90.0,270.0,0.30000000000000004,1.0
94.31404785058083,0.875,345.96375653207355,90.0,0.0,0.0
345.42571722893956,0.44098300562505255,270.0,90.0,0.0,0.0
276.0841133659627,0.875,270.0,90.0,0.0,1.0
84.9066288739351,0.875,90.0,270.0,0.0,1.0
84.9066288739351,0.875,345.96375653207355,90.0,0.1,0.0
334.9726555608675,0.4846117967977924,90.0,270.0,0.0,0.0
334.9726555608675,0.4846117967977924,345.96375653207355,90.0,0.1,1.0
338.6500585143361,0.44098300562505255,330.2551187030578,180.0,0.0,1.0
338.6500585143361,0.44098300562505255,270.0,90.0,0.1,0.0
287.5918876590097,0.875,330.2551187030578,180.0,0.0,0.0
287.5918876590097,0.875,270.0,90.0,0.1,1.0
85.79296899409447,0.875,90.0,270.0,0.1,1.0
85.79296899409447,0.875,345.96375653207355,90.0,0.2,0.0
2.630124933547336,0.4846117967977924,90.0,270.0,0.1,0.0
2.630124933547336,0.4846117967977924,345.96375653207355,90.0,0.2,1.0
352.1974737933781,0.4961088907313407,330.2551187030578,180.0,0.1,1.0
352.1974737933781,0.4961088907313407,270.0,90.0,0.2,0.0
278.5307509544598,0.875,330.2551187030578,180.0,0.1,0.0
278.5307509544598,0.875,270.0,90.0,0.2,1.0
307.0544626342074,0.02172025984384196,90.0,270.0,0.2,0.0
307.0544626342074,0.02172025984384196,345.96375653207355,90.0,0.30000000000000004,0.0
91.3261800361322,0.875,90.0,270.0,0.2,1.0
91.3261800361322,0.875,345.96375653207355,90.0,0.30000000000000004,0.0
333.0581273436334,0.5449931319199677,90.0,270.0,0.2,0.0
333.0581273436334,0.5449931319199677,345.96375653207355,90.0,0.30000000000000004,1.0
342.8447574145413,0.4961088907313407,330.2551187030578,180.0,0.2,1.0
342.8447574145413,0.4961088907313407,270.0,90.0,0.30000000000000004,0.0
275.32968856044045,0.875,330.2551187030578,180.0,0.2,0.0
275.32968856044045,0.875,270.0,90.0,0.30000000000000004,1.0
309.30073606358553,0.04802836176701142,90.0,270.0,0.30000000000000004,0.0
309.30073606358553,0.04802836176701142,344.05460409907715,0.0,0.0,0.0
83.58345009855886,0.875,90.0,270.0,0.30000000000000004,1.0
83.58345009855886,0.875,344.05460409907715,0.0,0.0,0.0
337.6366749492932,0.5449931319199677,90.0,270.0,0.30000000000000004,0.0
337.6366749492932,0.5449931319199677,344.05460409907715,0.0,0.0,1.0
311.85691768269237,0.4961088907313407,330.2551187030578,180.0,0.30000000000000004,1.0
311.85691768269237,0.4961088907313407,270.0,90.0,0.0,0.0
282.5549572965489,0.875,330.2551187030578,180.0,0.30000000000000004,0.0
282.5549572965489,0.875,270.0,90.0,0.0,1.0
288.1603120118023,0.07087070329259337,90.0,270.0,0.0,0.0
288.1603120118023,0.07087070329259337,344.05460409907715,0.0,0.1,0.0
65.02678589210673,0.875,90.0,270.0,0.0,1.0
65.02678589210673,0.875,344.05460409907715,0.0,0.1,0.0
342.3358584201738,0.5449931319199677,90.0,270.0,0.0,0.0
342.3358584201738,0.5449931319199677,344.05460409907715,0.0,0.1,1.0
310.4823519753058,0.4961088907313407,330.2551187030578,180.0,0.0,1.0
310.4823519753058,0.4961088907313407,270.0,90.0,0.1,0.0
271.34684798424223,0.875,330.2551187030578,180.0,0.0,0.0
271.34684798424223,0.875,270.0,90.0,0.1,1.0
283.4957705178266,0.08998626383993524,90.0,270.0,0.1,0.0
283.4957705178266,0.08998626383993524,344.05460409907715,0.0,0.2,0.0
94.00098230170369,0.875,90.0,270.0,0.1,1.0
94.00098230170369,0.875,344.05460409907715,0.0,0.2,0.0
354.77973617836966,0.5449931319199677,90.0,270.0,0.1,0.0
354.77973617836966,0.5449931319199677,344.05460409907715,0.0,0.2,1.0
339.03333800814914,0.4961088907313407,330.2551187030578,180.0,0.1,1.0
339.03333800814914,0.4961088907313407,270.0,90.0,0.2,0.0
257.3368910908061,0.875,330.2551187030578,180.0,0.1,0.0
257.3368910908061,0.875,270.0,90.0,0.2,1.0
90.60363670426628,0.875,90.0,270.0,0.2,1.0
90.60363670426628,0.875,344.05460409907715,0.0,0.30000000000000004,0.0
356.33216444515506,0.5449931319199677,90.0,270.0,0.2,0.0
356.33216444515506,0.5449931319199677,344.05460409907715,0.0,0.30000000000000004,1.0
329.76860287931225,0.4961088907313407,330.2551187030578,180.0,0.2,1.0
329.76860287931225,0.4961088907313407,270.0,90.0,0.30000000000000004,0.0
279.19317802919426,0.875,330.2551187030578,180.0,0.2,0.0
279.19317802919426,0.875,270.0,90.0,0.30000000000000004,1.0
87.37104086095255,0.875,90.0,270.0,0.30000000000000004,1.0
87.37104086095255,0.875,344.05460409907715,0.0,0.0,0.0
359.1804980125879,0.5449931319199677,90.0,270.0,0.30000000000000004,0.0
359.1804980125879,0.5449931319199677,344.05460409907715,0.0,0.0,1.0
318.7013487310975,0.4961088907313407,330.2551187030578,180.0,0.30000000000000004,1.0
318.7013487310975,0.4961088907313407,270.0,90.0,0.0,0.0
275.44442571115667,0.875,330.2551187030578,180.0,0.30000000000000004,0.0
275.44442571115667,0.875,270.0,90.0,0.0,1.0
77.83490037252018,0.875,90.0,270.0,0.0,1.0
77.83490037252018,0.875,344.05460409907715,0.0,0.1,0.0
337.7435989354663,0.5449931319199677,90.0,270.0,0.0,0.0
337.7435989354663,0.5449931319199677,344.05460409907715,0.0,0.1,1.0